n255cpsAby,jmcyDnknmqhbOMFPvD9h,00GoTSgFmZzJpp34wcOWcvwxAW5g8I
SRQBlwQdhp,BMDMdEmuSMM77fH2ZO8a,0aCNZkqGyPovtukHCs57plYuTJ824S
o4eCBehZB2,M0vJXHxoI7xR2M2wx29Q,0cu9vRqQclEfbGxh5nnGkRMtnCykL1
VvmFnddZ0w,YnAtuiHxU5FeHNuY56MP,0lLO5h72XMpJRPNQmrDnz4KJwt56Vj
pLNLebvu50,GKDsEPMha6YbYOcN5Wsx,0LW2Cknr37xiadOln3IBBRKFnIDeYy
dlPJQ6tHwV,jFRBQxFtK9x8vs2bcA2y,0nQdx77eQe6bCDhKdfhkU2ReWeTuod
866KPpYEJW,QMwZ7k8xh8pOjgjY73fw,0Zso8bLQNomZq9cjhAWLuNO1tL3gsm
lowu6GeyFR,SojFIZH3sPTVgCUkEdbr,1aTjk5b24BkmH7WB4ius28CsuXo5kJ
GbPbI84ee9,G8qbNIfsGqCzrGjN8ekN,1CplB9XZwA8I8nus1pjtMgfMOifCky
Qbx4SeSSbc,w37MWj93AjCCujJsf4MC,1D5nq25EdjR92J5HTCbKThbSEeX4bl
G326sDHAGK,4WZ1XVhDDGPBDxRORNRR,1HD7b4FWhxeMCywimlncMsph9BTvLo
Qs5bOwLzhH,eRcj2wlyVJoFGjMW92bh,1PHnLvsnK3nJEUrMIMQkCftkRyMIn5
nQb1kl6bsb,3pr6jCbqTDW2kHzNfBpY,1qepmNopR3nSWuTv2moQucZBNxyCCY
tfRwHOka8R,8kwhIODQ9swMEDv9O1f4,1uMLIIpapMRmglufOsKgdrbvJyx4Bt
NSjjD1yShN,EdqHZFxmjDq8FnPwBU9q,1yEUuc59hmpzw3EHr6JhQbvyfFRMAB
lHAPTxsIlm,TyFOPPHugbrNUsMStRnX,1Z9lIuaT6v0ISJqwsn8uox1rfFecjM
GlFFHZYVzR,tRnwdstPP3nynmyNus9r,1ZWKV6vA6eOQP5v4EZUOrPZaLo2Wu9
5Z3C1O8T2r,tpop17ZTNYH5yZ8hcpDg,27SZJeY4ZmBJmHDlodsUB9CRGENswq
3tI5CRMWuv,8LICq3XtfDvecg1dPmpj,28XC5has7Ue2i8asll8ZIOGV5hoWiI
x6uH1lv7Mp,v2yf6hDRVJIYTqkT5wXm,2Dm4p5YXClVkyjK9unwVMoCkJrJhHA
GeEsFbOtbT,Nm94I1Fuahp4xgsL5iFN,2fdpbsjfVbb6UMfVUVv0BKcQ6unCD6
wtoA7yWrp1,YkXSRsAupmjRecWeaZvO,2lQfdv6alb5Tf9gLWb3DKVyWLru9so
QvU5fuB73J,d7Aq5mA59jl3Qu8vGUgP,2lwo8MMdpJvh4UaHqgb9pdNndRfaTV
XcxgUaDOeF,6UJfcRVW8Pw5AUunizId,2NghBt1GGkSDgU5nTZeOBG2bd4F99w
PbCaJXwRSb,alLSbEZfLXlqVjSrenn4,2nvSMN6G0ermMA45M4MUGcKZ6gTS3s
aiOnUCTM4t,o79FyuDlyWOGzC8o7aO7,2Pdy6Sv2OtBSajOdv6u8vGDhYKrMI2
3xzRuLil62,ZRXUPfD9KUxcIFgTTA59,2ReoHFjPs3jjPa3WqZ1Y7AN7ODobQ5
CPnQCNbNbo,MAoJg1D6PpMdZz2NnOn6,2Sqdm1llBk5OelVci6ovVo0P2Uv5fS
qUvAT2oywI,KGPsm0YXVpjhESFKd9HE,2StBHvaFfQ24Xzy6skjk56ns8ZfiOb
ouCNW2gH5L,EGl8IHT5uump3zAeWtDs,2UjL3vg81z2j87NmLvYqpDvXneIOAh
bIJpCwPREd,Wq7MXI8Y4PVjtFgAHKwC,31xLOU9WsdkljZtkM4xwGUfSvGe4fP
PSBiKOHQvG,ODXizN3y7Vy1RSN8exvw,39VqlvhX2u3R3zPd4nTZtt1xCGt12k
TopvHYGISy,IZn19gaLD5F78VUZX9Gd,3a5cb3SFkSPbgjXWuNMcIjAmWnLBme
xh3g73Q8jj,dh9ypsXjNVSrO7QSuLMe,3cVhSEIfH1wFNwGUkAN5K67gJugUs3
6ClVrLpMnx,zFTjrszo7tuEPfGv8EaT,3dA7IV4bkrTB5x7VB9YSmlK15irynN
LyCErh1m8w,4ertKq9Bca2vlwfNrnkP,3E27BuAKpCXFAxzYoMx2lnVvbT9J71
ZF8hm7IUKw,gEn2xExH1ki23PrVOCUB,3EFTaT4luIEKYnkRebCsPxRtVUj5Ls
hFn1yXUD6U,nb63jxZyAa4CAcbau3OK,3EUH3BHWBqdOnvE71dpDN9OwYx8mUq
LsBT6KZoCd,O8Vsk00XCJ6ytf8pGfne,3EZAVRNcEGKnTVEuTs1VtqNTESZUsH
wVSYVdFwN7,odhYnsQe7AhuUG0v3JEu,3J2ehn5MejgZK13bLvrybNtb0QN8MK
U1yN8yhPJT,tQhtmKfurgLkAsPgC7NC,3JXCD34TT3YLG3wBLfkFLXBh9u8kwj
na5TXKVipK,Aq0qVFqCNWocwVwsRmIy,3MFOlXM7BGXoiIsl9bMaDuA2ULFo1b
vjQDGJMcdl,FuUFkENbUieMbOmNRmgu,3nI7HfAojTOQDEp4j7GWHzuSPEjmEX
5rdv5S8NrR,LBkwOqmKJhKZm69WFOp3,3pblXImcV5UseaoUtU9BPx29QcUYsk
mtAGwrCxOr,NHhcN9dwsaT4erGXHrmV,3PF7Z492VVzKCH5n6DuwCoVLcQjIzi
4ua29F5j3i,TEjgQ2B6OFaEo6mS2kXD,3Rx8pNb6japGcrZnAK4joYsyRgFsQR
tM1X9o2tWr,ifmWYouXX5ZYQuAywrX8,3SxFDPwuLQ3US5VSVpXVPgAYEPAVYo
EVjvK74Wer,A8KfdD8xaU92HJcO1iZJ,3tF93LRNTHtvUxXpuc9pnKZT5h01N7
ZlYNYdEDoP,XMyPYbqYbrdvi9GUX2fX,3TlhlVJlmRNM3Xprx9aG9bR6Y3Vs4G
QgFyTtKpdh,Gx6ltjGZJy6lGhqPo2gg,3V48jZIqGg73Q9oAo7aGrHTWrGidjC
AlU3DYrQGc,fmPlqHV7lq8csKeuTS5c,3vX9IOANMXjF8t6KxGL8ZoemWet3bv
8XQ82VAEB3,uGly3Mjov3bKAeAv7zBY,3ZqLhn2JZxYK14vaRDxEFdB57axglQ
ZjMZVPUrm3,YpEboRM1gcDpq3MOFrDH,44GP5pQ7bq5mDqpk07mhOScPRQtntx
enebz6Pnlh,nVCINg6hci3zDIgacowB,47B5Qa3oofFdpcq0EuIADydCybdOwD
xVjcHBCNaP,sqIWHjHFEyAbmr7n21Lj,4BPqmP79JroPjv0WAiYsi68Epvbqpt
EeBq2v8KGR,meQz7RoEthGw46pQNXNs,4C8TfNpCN7DxRuEhkF8CCSAWM49uAj
vmRNoHEEBf,OAC8nz0vZZ0tecwXcX5F,4GagnPjy4KLO1NHmomG8athtmJYIfT
Pa25VX4vPP,1a6HgVY1fMWur239Qwqv,4GRDPuknZgfFlLlrdjCU4tQjnBHtrP
FNpv3ezLaH,6chBse3EPB60nj6yOAyB,4oYNu9gI22lRgMniipECTeOerGbtOO
wQAXksBJqh,aRWxwiHuVlN6rywDB8Ut,4WgqZToIVV9NRnWq1wIu85Avw6VJ8s
pwlwqhvANS,pPmIbDyXrkcB1aPNcNIC,4XL1gxOBRav17F5E8c5xpQrMjhiHyb
V9vlmRdJ8A,nLjgZybZTuTMgWCSJY8G,4xWTpc3NdpnSa1XHYUV6JQlPJND6zQ
pknVM5Eoqt,N3LnC95eSaYfn68NzPdo,571ToqfPu1sEvLnKfm9c4csSlyThV8
WYJe97Ot7V,cA5yP1SevvYTQl1DNs8v,5aBMbZusAecdIoiMSnwewfsZ4Nv39F
8YyyzvdK2b,aahFLhLPUVP84jdiRQH1,5B9BdKLQbAKi7qoiKK6JW632qorPRz
rY3iuSlynW,j9SJ56ACJQGOQAYiFUa4,5CBlp4ojCNoMZvRDSBGZ32jnvyDK9P
NaxML58LFx,ZhqfTUeK2uiD7RBNtS55,5HDfrdwEdSMETTJKzeSNxf5jG0dHD7
2SQY7XPKZT,fv59TrjShU4tjByD2nVR,5iHbgDU3Udys8yxuYhpLN7Q17ir3u6
6CVMiU9AO1,TUeFwxswtEDKInLZrRE0,5izicHWUE4gmySOXdhpOOWqVrAtiRp
hVowC7lQxe,J8EDxq7RPa11Gg7FLLCQ,5KeqhGHl7T8TG5uaCpIrjzNJwN5hA2
95T9k30aOU,qgPPD5tJqsRR2FPHaDBd,5LIUvGs4hlW1NUhiO5WE9VzHv7NyvJ
HS4NHBlX1m,1Vje5Gc1ohV5qHyTwtQM,5Lsbteta1dvXsjFi2dQUJysHuWuMo0
svqhIEd7A2,RaWRZI0C78JQ2xxaUbNX,5ncbEJof4Xk8UuHSBx6qhci91lyoZA
IAuJqy5IOP,9NKqDUMEZkQrIHS5zSa8,5OMtIuUnCOR2n5EQiF22OznYvRLw6G
e7nWSsiSnE,PL6G8bAo1jLfrv6jdGyg,5OwKBl2Gtv1q3woUoDtlh1JkCoGAFa
OUgsaJn34U,hj4XGTUcNlvpj07wjTg3,5PwQiYU9RGbdprAlJokMwuoedGPjFV
QsJNCAeGod,hAoRIIsqQ785WVCG5bF9,5ULer5piKWeAl4MUJLqudm4FKS4XsL
At6mHBuFh7,VWJTK79hP4rytgAQDX8S,5V35WRMuNLFoP5LKpEPOmrQ7pUqd6g
Q5kQvIDbMZ,5blu1E347etDBdfdqxWp,6dCaeJWDyljX8ioaaAEWHlkL4NHM5F
waUgbvmvHM,YlZ7mMFy3HjhVzWSAyOm,6e1FFa8M0r3OIBiOWhWdHAmEctF4I1
5HBBPa5JPJ,Y1gQMILcXhbckZNnUmjr,6iXcmWRk3eMXtRNMGs5RLkkFJ613Nl
jmMeObHqKK,M7UXffKi9spPcgJy1HI4,6JJfOLhH7IPTOvpV5dgNjw5jtOfvRy
v2tuBUyKfM,N3u8xptffrMqMjA8rnEB,6Kg7MWX55pODDTVY1OtkHRUPNnxHZF
bTET2m8q6G,36cNWgCeEZTeFbG7XrkH,6MMYYLbfRiUFxJ3u45iCGnBxku9YXA
62A1N889RM,ZXkLtb45wwd9xIb3ymrp,6NR1Twhr9RAvKHrPRcvW4Pwsu20QYy
eQUQBNRmyE,blvLvomtMwjzZJ4pZfYP,6pSYOdYPeGSthrcBLFLkZ5Jk4fcSZk
lpuh5mgUi4,8Z55qSWhmK44djo0lHmH,6pTAJ5TCRpfU6H6BqfBdw2Uk0MT9Bi
kS4njXdYdr,6lAjhAvH7768x7ah8ntF,6rFmniIeTKY2oMymSDmjhbj8PSa15B
2AoybWk4kf,e7vZtWTJhwreabgWl5cc,6tPaChNifthhjjkwwcT9nIpzkbWG18
69vWRS4OH6,fprd3G4hgpCcU53X6HJr,6Tr6pZA9kWTAY0oyD4dE9NFuwkYLLo
fbPI7oE5Lq,BIWCDe2NWkApTdkMDRS4,6wsNrYHFYVsM2rVF9oRdgp2kjsDat3
XAxlcdkqZS,YAt1G7kCBYmj8Zoi9bY4,6wZYA9vAm2RPn3urg5JQOGTweyk4cn
YBSqrWxoa9,FAvm4TFpdvZtRtcRMNar,6XQsZgxEwfTkeEAvTnDFcUEi5U7LCP
17v7Vc6vcO,QkbMtoDPhl4CC8LHAJcO,6yFq4YwjgurIx8fMB3SkdElcUCj49J
QOG1wwBQkJ,7YM8ke4aJL1K951Ei0bO,73LYUx5iBrSbmnsUUZPIsiQmh9tN8v
nUosdKjMb6,5ILD3728corJ3FdKHOQo,77FV69nwZIMQS1DcJ6vF7a3njT5eu4
gM8vZhb7Kp,MRTMYQSTHDZ7CKEOpceq,79TqMeA62wLZZBImqZypJwH1wlIuff
9x5UB6Wr6t,6hqzZjJB6jkhHAZXMg3q,7ABAZ6YXiv2QBX78kNz6l5fQNQygd1
51RVru7EmS,2hai8Cgl5mMPI2eNuH6O,7Afgw5SMhVIZafR9SKhDUCfbJGHL1F
TDK647spUB,wkfdUBjXuexOOF9YcKkv,7cEBIdItQ34bH7PnREsvE8CngJIeQl
YdPo8RSw8Q,QwcT4GTdQwj4ueHNYANL,7HPhu2rNbX1TqFFD88MlwIF7GEE58e
D8RjqDeuwv,GNLdkcplXrq8AL1rqsuB,7IjxkC1E3cMdNzFlDuuyIY9W9IgeY7
G6YOJKtNJ9,t9GldIDLbKVYigjIBCVA,7JX9xWQKFFRjvlnQhbu63UycJVVLmr
zv4duDNQq0,VOPNJNTZcHmHVAiVOraA,7kRiAQUYFTZFJtwH3RiOZHxkZvcNMQ
tru6X5IyDg,RoKVLpFqu5uXwpi6jxPY,7ob5bvzagrairpMoNv9sAqt5nfdUIs
D6WGo5GryB,V8kHqAoiwna5mfVLjDjk,7P9CfNkWdEhR6VJJLMstUbM1dbNJVm
C28tBOh7Gs,jvcVx2v0ee6vDZOS2EbK,7S6tb7VLwok6OGTilGFg7nvrEVnv6x
VDTtCZIRB8,IN2S6Lh5L4vpDfHL8i0U,7uqhch47GwE92oaBrqrSeFhdLCkzqG
GidepJJ6ao,5tlMJaPkeIJUQhTSKG1n,837BMZC62vXeU4TYE34ioAPsDUFd8c
APssuhxpeE,sXQnADtpxuMty8MSjOuo,85IBEDOrUELlUYmmpxNoNT1NPeotCf
GZKxn88LHI,Wcj3EArLIaXoPfAY2ZMB,89XYg2S212AGErvcQsLqHJtEpnKaLa
wZqSAuaO78,FI2msNpqqCwC2iChFaLM,8CxdmQC7Yg1XMXM4t4JGjYrzY2jmca
ulZ57PXX2J,fUC45pZ9NaovrQVtg1hk,8dAkCpikfiggj6OBIcVSvYwU0WCjuM
B9wf9DRojg,nfP6OzMbKnQfJZxAmxaI,8eUxuLZJdTHWduiPaVReClafVYltWI
51TC6ip920,oKZQ8ycfnQmYL6seE8lT,8FXr9AEsdgrveet34UCETkZEL8Bjhx
Vx9OcjQIM9,Lw78yOtLgnrQYsnOfw53,8IF7AJDeeWjMrM8VOyGWOo40OyvDPg
ESQWpg9okz,jysQTOdxhg0vHVHy0lsv,8mCyCRUJYwtuiwfl3QolIKUtG6U2lg
yg9AFJeX5a,qRyMQvCVr4fPdeWGsslW,8N90h6aycPs4x6JptmvbbpW7p9xauK
uWM2Y835N3,MRag5DNE6lSuIfNuMZUr,8PsXmfP2yc4MptvL5BA2GQXhjZELdf
1YpOqan8ow,RiRnm5f5MDWnExViR4wm,8Qj6NbJCPUW3NA8eiThTEIirjOaQy4
CAd9HNjV5f,7qkl6G7Io8KU10cqjl8p,8RruL3cy6cdCASlWGvMJJTvGGRepe3
N3VtMVAr9A,aCcx9vLMe8TEonbia9Os,8Uyw7AyDxGXZ6Od9MpxB26hWm5GxCQ
u40WIIrE1M,5VtQwUMB5PeSIQWve2sX,8WZUPQwm6bAqqWnRO4YObcLXm8UkQJ
KPpoKiAsRp,iCof9rPPnXYI1Ga6BvLP,912GcthywKHu7TNa6qxIFNG7BAxlBp
tftYNIqvIH,rIbQzPwSLFMQPIkbTNOA,945a8QBNRbSfDniMGHiqa8Zc5n8C5f
3T5flj9XIG,mRLBVKDY7EiysXC0qTUa,94YxoLWn387Soa4Xy3UDCiqSVoymoW
KnhXqWeQhZ,fmmuGWBvq9x1iFehL4cn,96CDScedsCCgrPBBrEjEP3lETQpgYs
SLRRw2ennS,xBsp9M547eH6Lii6g6IW,9fs8nJJQjmnoc2CUznp6q7RyyUcQ9y
w3fKGZFgDL,8PMjua1iidBF2P8UbeLa,9gfQbyhUEZyLZExXlS9E6sVvCMsOhQ
UbtfXrzoa9,DSIFPGbqL5UeRIfMD7MZ,9gORp4fw7aL7fChgdkeITBMHiC7Ucr
EgkUijBNIl,oQOZ575rftyuDhOZXZB2,9H68DaNzQCojNRLND4hitlKqK7xSrM
M9kCp5EY21,e6U8YR9OqAO5JTuaGK49,9J5DthZGQDvFIa9SkE35JFujdbIVov
R3jsV5Z32r,yPgmfXYchj7MbQJyZsdw,9leR5YHxFgIws7Hzk2A9RNLGRl2nAC
4Tqd4y06ds,MairGlofo7qvPhLQauFC,9OMmml6fJqZiErxPOAMBunZNKqaZmp
iegexzBGfA,0HeYkYtMsJSNvlDeOnRH,9pmmyGi807F3vtSmHG2BTHkGyGCX4X
7aPBNgx3JS,SVJ3B7a90HYCXHTW8U8V,9Q2la8PE5LxMyjuKj9GA2XeL8WoFi6
9sxCKFvyKH,l0AVUYQGGGdiGpkW6Fat,9skuMNot6tFcPkPOnNK8kFp7C1ir7w
iNr4aRlv7A,5D7xwrh4rPBM8G3kHnZV,9wvZnbuUKQlmDXeVQgNNU2elNThhwU
Tcu8bpto8a,PRuX6lxleux1bzt1xH9k,9xC4Zlbq9wU5Cgw2VuXrshjvsGAPqZ
Yx0XrDqrWH,k4RcZTjBLWkfKKahkT4h,9YU2tEWPGLtH8Z29BuXOL0cYdpFhNg
eXiBHBThnY,2EkkNvMDJqrFdkH83QHI,A1VfYareMie65bPrj6IHNctDdSvtJA
vQnhN6QMfR,cLpJKW9v40eGm5xdo4yo,a4Zk616obvdNmoEHJ8Tbh5KxdaWe4O
Efiju47eOY,LdNrQNiV4vQdh4WcRI24,a7YSVELVDPGrrq6kGiEe5hWppLguBQ
zKZnssRWad,LaS6hAaCuNaq24FE03XQ,ABJO0KFFM8qfGt78Q46BBD2JYQvxl2
DgWbhypUZB,v2YMsZ5YxxNAK4KZbdGf,aBy0Sf49oX9l3MrWIPdNIjm561db8L
Q6KV5dH4RA,6SIeGGu1UWbOJbkm3o7L,acE3BXNYAbh4ZsQw1cLu1qrBtO43XH
WecBRqqD4H,RoJhvSTUBqyeIdpQYi3p,AEfa5PHEMz5mVaJiriAynmb4rWvUO8
pH9tZ8Tb2v,TbY92KmntpSL14xbQVM7,ahGdtep5nyLPirIFuHYzxcUOTANXpY
dkLFfckBdi,LXjCuwNUncOtR51SaN5Q,aHhPs26vagPdbs8gr1YtryCNEcmfZn
GiT29A88IC,jbh7Z2ku64MCg4FNO4ik,aHIs3X4cxXQRnqXbixjGjIx8hZpQ3J
DP52hpq6J2,Fc5LGXCRykqNoKQQE8HF,AiTqNxObDNEymimKRrKRdoFLVJVArY
1Upmsfg3H6,UEpnkvdyWxqJ7EByNL5j,AJ64tsutdHhSFvRXOJMhFvUVwyKFwc
N820LXuIP8,8hcZk1PNoS7csjtiUl1T,alnWYRePqeYBPJDS2aeUIeckePcZIp
TSph4BcgA3,YAfb8dwD7dWneHzB8E5G,ANj0uPFciFaQ5AiX9SRSscRzaf1rYd
4drAkcLfiG,6m3Mxtunj8ft40N7KAbN,ANUu4iVDbvF62LBaCyvOiCCkq8PULt
RAR67mwdKf,Dp3uS3yoZAld1RxZASit,anZ5biAOlYcDUKvmE4TqYpTHl6uCf8
yNpKh6qnHf,GYut6Z4CH1GDM3eoJjTX,aOGJWx1NJim1596EUhVppTky1A6TG9
TmypdJcBii,SfhloVfGiE85oCd1hrxL,aOPuQT1nUQvDNcYQDLK4wVTBPcQcQm
MiyPGV7nNN,lhTOPB1nuyl17hXlhw4h,APRjbfBlEdQwhIoHDE60exupvRnNxg
0OiXloMQfX,o2x8yLMb4amjZQKfAm44,Aqn3wSAQJfWZpY7umXRlsWjZKqRqSH
FtwI4atMSP,GREcU0J6EBYDtnmTJbj6,asGz4mUFl6cvgMhjopSHtJxj4a4qlX
ocMDgCMziZ,nlmogjJOC1Gt7xalALoZ,avcAuaXKkr6e9ovrCVgFxDr9mZ4La6
lYRm6qe1vX,1KcgVJAn6BYUoaAafgcf,aVhlnYAbJFZTxYHTku9YqakipnQ5Ee
FwAWHGrTOB,B6HHpjEiMvxsRWM62CpM,AvkERmpOV7KvX07DTyjQJMJqpSWojU
qRF9iSfRR7,ysZcjiPLRPpY6lIQq6zC,aVwfnQSjYZKIGuc4PPJ4ivA09wCLDv
ivBQuRIivv,N5usmpGwyxYDtYPT9Ps2,aWmokGnruibTPyKYnq8y72o5Efcn2C
7CnCw5I0Ra,wwdmWO5xWfpQmQwXm9RH,aWN9eh26sM8kRyyo7ybQZiS7Ueehwc
eyofUn9124,He7oncUCwzfq3KJ2EAAi,Axge2ZLWWtw4XstxZwRRGdrTF2OZym
SaoRR7R0AW,wPWS9ZIYWXKUmpRyscKp,aXOtm3fHGJqV9jfAhFwF7eYvZCXhTn
k6dTft518L,j4WpeXUGK8Htwcprfxmi,AXZ1itMmIRMHMZD5L7rGcwaIuiqENv
YCBSYqtIw9,OitTxmcSnzXHyrASdcMZ,Ay2op8Q6G0xW2yDxcJFddp4W2xzip9
KtPihQokhM,RN99tOQjsLxQZwoUYV2g,aY6CEc3fZWjsarAswOp7vmsOHkdemQ
LWpPn2CiZ7,yxNCqPEHH2bYhOdRZAZ4,AyYXeIorAu3mwM4kO7fIaBZ9AmlHM6
Nm4qtOmBoA,ul3wnnnppHD16QhqiKfn,AzCGuR2S3R7mcA09YeXYQTGUFQPo1i
ivNVsReKwR,q3lBDaoFL5rl1ukQs8iP,AzHSojcnfRVoz5UM0VqO6tLlL4NJn9
EAWKPPIMLj,YLT9ftrPdisr7XrZbbY4,B6KoaYGn3t6SISD5b3rJresfWX55tv
Vox36A2C8Y,t2JuqipQSxLi81u8asrv,b6PW2gGj8l4wE3bOuhPQt2WIHmhyc1
up5Lw7vksf,zNqbie8vMW7A45pyGLDR,b9Eogtd3FloO9KHARUg6Mrji7mBxXi
v9gsOwmQuT,Gkq9045gFRzGf6TfImQR,bAbtLHf4Vr5ibXz7phYUoZFMJcIKPR
hP9LWuoi6B,dE1ZehdKRrBXiXhN2WvE,BC7RVpVbIeMjyqn77yJYwEjPDRGtnU
GQEYXZGlLK,LpYOMxpZQm5uFB2ZutyV,bcPDhq8Nv7uICFrffsPW6I8JP4MEu8
SIFICgeKMs,XMagrUEmUHn0olNdJPuI,bdY42ll8suIAvh3N5VhuMwwm2dhWqx
gEIkNqcQlz,46CAeDJbRZIarkuJrb3W,bgcKNXpkZInYn1EPWFUPUT7irTZhKk
Cp7R0S2mKt,zFxEqdYnyeljFa3Ney4A,BGYIj5Xw36HHxV3EfcTDKiUreI0LDS
AGkCD1QD5H,QqRaGMz5PgevkOCsTblu,bia1ubeP0XGwEYp8GkbdLDMILtCxAH
ADvgZpPEAq,YSDZrjKI0qDzCYYulHh2,BiqBtXDMwrQ1A518equWJNNv99Q9me
SMmmWgwMcV,8QDIr4MmVkI5atKgMoKD,BKFFw0ZM5Ps3wD56P0c7Q1FhCIi63f
hr3o6uOtoi,69npYv0XTrpX6k74Ffyg,bnrcgtiqn4xxhXCFGnHU42rpI0UjtX
l7T9L69EhR,7cSOEPz8PRObA06a4UZi,BNrr1vmCMLDecAEuPe74kTCxVLKBHU
6jV5pn9mTU,MyY6nsJ23gFPf7odTECw,bo2pe5wY2eldCC4Mhj62RiVxfoYfMr
bFgNA7QdhY,MypefZcoJCRcP5Bmgqyb,bqadgHOevJMn0jYB7I3kniiGr76FGf
x7xxRuT8ex,0dIQV07olTabhm1nl8f1,bqKi4TkLIL6wrVIYNGvUu7nj56MUxl
HyrHdh3xox,h2zREFMBzLtWwKXh6SEg,bqZuS1qt0bNV7moiPtfTj6AhtjpfgQ
4fZnFQV9wc,WyiVogDT8PmtpQHtgjFq,BRqcnRpbKHNZcS2QLjX3dztraNadsJ
OaOewylPBE,ieoPDt9l9ROuZipEp6cX,BrYGQSOoBxmQdfKnChflPN9yW2jUq7
WxAp4RRmU3,AlvEH5EqYvYrHQyG9XIp,bsf2PFVLMXc08c1Wdx2izvnfmAD4tK
XAEQTHSO9Z,t9KZtYmycmF9m6qae4cs,bsvo455FWty46WjjhntMLNIHaQd12p
9IFgLp6D39,9U53gYpUrAaMMJOrQW7o,BTWEAlaXXkBF1JetfbEoH9qA6hlR3a
e3uBmIQOkx,hpcEMlDjlMJUGRebxUtL,BvGdWfapTWPgbNWuZGgryaPC03oXKj
gollA7UN5L,K7c51IEgJnYQ7j8L7fvU,bVT9JUlCN4QZnZq8fv2l3Kc4aKSUK9
ULkW7ZmjRx,AQxNbH2TU5UPq9KBtJHm,BwCUJB1UOWOARED6IoE3QfNehF4NKv
4tZ6iQwExy,2W6AQi31AsBfw74x0ASw,bwHOCZVLJE4zKMRHLFoTZHcm1lcAEA
VP5O2Z83Ri,XYUXfgfvtxjg4QT3o9u4,BWnvTX4VxOpaHN2QxhSbecbWGdgAqf
F3aMZEuQgQ,GqJpNbKatyUVPsYvh7ZO,BXWfF4YgYcJOIog4L9AzGksLhpl4rH
RGt1WPsLhC,31a1Hw5GuW4KnIf3zqh7,bXYwfuJHSsTAKOpn55OBmmrLcx1sLH
VMhywWDX8U,PlaGSrwSBVAUohusgS38,bZ9QC7KlrISXTidNP8If7F3uwK1pG1
FqkIimGsYf,0pbVIT1bn2QNSBdxRoCB,c12zvJkjuclAsNFvzvAfNWQtRZghAl
YVs9yugqeX,LJy3WSX7LZ8RnQ562dDm,C5yPKWFw5Xt1ndXl23VOhAunt6IThg
Sx8wPOv80J,yrQgJ5PNUj6Qs5w24ppy,c63NrBEzHxYn4AYXlbJA5k9qGUDwsp
jLY0lpRrZY,dWthIpmnuCqbC8FWUCR0,C6c8ARhiKXtAgHVhwRT28LbPvOKU42
YKpvyxws2M,G8W1BgGI2Yf3rGBdQsvs,C90DVYxPrKuFYbyoyZEsSbv7o7fECh
KN7UwlGbCa,bMOn1tltep58ys2PSJ2i,Cbfta8ns5tRytUhveHRMJVotWu7I71
evlSMqQrDx,EnELFlEv4kjllZSSJM2E,CBltd5aw6YibEZem8NmMlfk3cUv7nu
GAcYY94BEd,1bSFPYLRUzMxcB6LvXMg,CceTDphvsbQIGul7FPtflxCvkGtTWx
XwsEjEifBL,FWZFDPspVRH2MZ2issOE,cCYmaczgladPhFQvMKSTMIcuqGtbEF
BxCI29Kqx3,3dSUbZhdvEm5xa62xRtl,CeZqYCKpMQZflrxJprYhjdCLSoplR4
yerQtAfgia,QDqrfZhDEIPdxi2iadIa,CFLolw2RnwiAobabJX2ltK4GVZJDBa
ktnQV7I4RV,giifi6Y5ZvHbGNcVTdV3,CgHuLCYBOzeAI9g08K9TQwADwgHVa7
dQLjct6UsK,eK2God3TZouW3LSe0ori,CGVduW79sOmVVvyDCCuLV0T9aawoPX
HVKgEyqnAF,tBEfRJSLVar85X8VRSdx,cinjeD9BYjzSqs1atH2B1PFWsPP1jk
WNZnmc0mcZ,x6G5Yj3olaYiAGv2gdoC,CN5C8exK34WikOFwnpOyfcumrLeXn8
kgfAswm2st,kCFbpUJrQ2CPAmEiBwwe,cNBOxWqSMx211Vmhy2VIql8e7FI3g8
4LgtwJIkxv,4plWiBTd8Lj4jwRfyjVt,CPnkmAOZOSuoa3agZjFN5Uru5sVsPY
ttkMUHxewt,gSGyTFSMCRGcRA2vIZ1W,CqJbZNIV57MXGSAVJHvOAxMj9y4WEk
4nSd3v2o3A,ZovbwLlRNlKg3EHRMY2K,cRT9P4LipEFOV1LodAeg9p0GHqCBwy
lU50t3MIL4,X0UY4lZrqFCGAuR1gm3u,cw8l8pyNKbp9Tq1YTPJXntWEgwZhyC
Ob8S7ZNXgE,neHq0Rb6lrQqF6jsKMEI,cYQoP2OfKV6pKsisRUO8eKHLZB2LiO
yRmb5tA3II,fFeLFAC4R4JeWinlbaZw,CywoKQGL6MpbIAQyrY1Ar73UDdK2U1
VSBlJ54NsQ,24vZjeaPrskuG8E8QqRS,d0GUUMchTpDlQ7yA9kO8twr5HOTDxs
cm9wgDOou2,n7NQIUSmEb8Mg1t7Fk2T,d0W6DrY5yiBYVKGAk5SZHHWcHqxqaG
DHFuEsG3mp,anncWJRwPqXtUmtruSpR,D1InNWAj2belEJsHinaoP2oykx6vwb
ssSfO9ArBp,6fITfL7CL9P8xaou5XDa,d1SwXhdqdtnnjoSF9r2gJn8HBwLEOn
1U79Mt6KVC,RTpNNmfPUvogLbz33yuq,D2hCHeFkDR7tHOtxsmNuO4Gvbsiy6H
dElcP1jTyd,i6bfPfl9dsWtSsXE2XNT,d3uCrGNAmZuRsCwoXO5FMdT7OUfqSS
X8LmnkOOjo,Ctr8gV2bzktoLDpi7TSv,D5SQhY77xwKHejKogFHDiOZIRbY5B6
D1LiBI07WQ,eANPFOmOWvM2momRiTgz,d8DkF2bkJeOC1xfB9P0KWtNbICL9Py
H0StVBeesB,9e8PpiGw8FkqB0aU3Imt,dB7xjAPf8ev2Ir7reyp7lLrSOmhGwM
2GDf92NdEo,RhBDMqxcXXkNh0q2nJOq,Dd4h7G5S7Sc2uxRAbnHyqjkOIjqBGN
JzcFeMR4wv,hxaoSdv1AnSJHsgLX256,DEdOkvTYWRawvrWu7qA9eFkftExmrf
Zdt7aAkYZB,wAPAU7Au5AhzFZwYQgWW,dezIA0vkTmiZCHkbRa1q1HOf46N2Dq
7jSgLWZBLw,H4nL8D4LA8cWyQQBeOrB,DG4RNNwMTxtLVT1KXMOcX65yqLaUob
2XRl8Uqg1F,wgVQ1UyjwTMgKUMGatIM,dgaJXcgQdgJwTpChm0tsd1tUZhStWQ
TLZIM1uG8F,CErZNqMHBYKM8q8kdmTV,DIZKDU7R4NLZpdcdmPrDStGb2xsBPP
4i8hFIsE1v,gAQAmVunel44lijCDatm,dJcpOm8CG9h1byKj6bOJGEGQHblds9
cqbMkKWRJt,XbyfO11B68kLiLJ44DWx,djYjuSTrvaqdZNeFxJJlHmL5EfMgfC
loFrA4RgG1,iul6seqkrVgd78sxbtoB,dKIGNhmL49JxxGwwjgEKnYKVBuzIZ4
lDSHGb5CIM,sgG6sfBvuen6WZvrI9CN,DKmocR7WEsg68FcEKf2lin6pHyCGi6
gwzYq2j57k,EqGWJiiCL3zPkkP5bSbk,dLIqaJ7CBtTy6COOebG4FVNG52bSEK
2kY1YLjgiY,gggHa1NIJMshN8VemqxU,dLksKaGr9EC5Ak6uogrtRQdfD64MfJ
B1brq5aRvO,8Mg54aLjU2PTLTV87mn0,dMCw9SGQbFP8YRDEmrrAQ9Ji7nKpNK
ARK4OOWmIn,gNrKG1Tg3qEqkN1biiiC,DmHOWooedgoZ6cGdjfaDo19HGnufR5
7Wsb2fQqwv,krsG3evOqNpzqE2N1jRG,DN0JLCqPT1lpXtWAdHWqoIrOdNP3Ky
hGJ648Sxvc,6X0xWEx2oLWIFE2MEu1F,DnfBHvONPD158InwJqOFm6bKy5XwEw
vFhnTsdXrZ,QLTabbHJHaI939BwksgJ,dO8aZtICVJHCDwS8QlCRa2yUifCZQT
y6IzAWT9cO,KhjRPchK8YMR8WU1vmQb,DOSxTeA6dbn7xaKy5gs7Xo46B15wP6
dUt5yQmbPo,jXJ8MKpFqj32hSYm2ugF,dQDBYnsrxVzPRGuptHVxFPNrsRHDTg
17nbn6Icw1,7OF1eDtfwwRXmkOcETxX,DtCJ6ficXxQEjJDuGwMkC7XRMle6TR
bkoiNGGhhR,dDZ11wT7a79qdr3guGgJ,Dth1OgYGdZJgpEXhk3vqTKkfaqkDTE
7G57LgpR5n,lhvCCYbT4bBHSKmp4ctu,Du6bCnuET9rIa7SPitGo8ojExC9mqU
F3UfKo2vmg,AicvaUsJj2pmuod9BnG6,dUgnSx96xnpvLHmvJA7BB8rYgqrcM6
d38lqUwnaN,zuBUWBiXJL6Qk37XpDcE,dUKiCqYseS9D3GoKdGklTp5Jk7xl3Q
cB6fSC7CLC,pBVGZCq6TpahH3w4LgzZ,dXvPLDlfy7mQt4TumF3xyGWmaV2k0J
PUL1UTBt5R,mJHZc2gGCNNrdFDwekug,dyr5e0QhYPYZQO9jrw1Nye49FU3Sr5
SssJVl1e6q,uzVbn5yhOi59UdkUOmwy,DZ8ejS9FKd2UotrAOgiwrIY5EFGgns
N4tRYnfPtZ,DyWwMRMHh4QvavMxVe5X,dzQXLClRRRsZZLzfMzvFquUuQWIpz7
nDhM1QcraE,rxLL76WAHEJRLYbMJmkC,e73cyePBGAwB6yrodRTVDYBLr8nGCa
Bqoj25AiDH,ko9mi9Wxfp2JBKTBdLSQ,E8iAj681TBBpnRA1BuLLqVkHXy90Q1
auiSah7pWZ,qxvqfDIWtqlcmYNfeQWO,e8VePf3QTXbQCW0DhfR5b2kRmPqn91
VoWAMYpbxC,MOdPsDJDhnkd9z4qaZGw,e9HUHhhMgxyf3TH5El82QV3XxYTcZo
jmqvtA9kmf,ShYb5nLXcovwDmtHEJr3,EBamCWyaoYKebZnqPxyLvW2Yrcfw5O
Wj2rEDNBZD,BPln8MKQ9luXTVvT8UN1,ed7d90kSa7jwdGJanfhzvy36OFOA9W
3Cpc7n6Eg6,zZSpMsnEKcaiUSdL9RZI,EDR3DUMu5fBmCYikfgTAYyxjUFx7BH
jMAWKtScA6,gqki392u59UlyumnE5sk,eDSD9xksk2aTiUZIzXeDlRfJZiG74O
angkHYrBWD,fA4iPyON3t9PI3Osn9mV,eeK38oUtLnNdWgPFPZaXrMwOynfGPB
UOd3Bubz5Z,u7m1Ji5D1f16xqp6wNV1,EeLfQvfAJaaPEqhobXpHpJWa29whpY
P0MfOM5zqJ,qNfQZ64Zf3d08nxm2K6K,egFqlXdPqjF7kjFba43mpbnx8heVRm
BzkQBZh87c,Il6oKCMdC3RD4OHuNl86,eh9BWBDGduhA12lUBpJFsWCKL3BPxS
9TO3lj44TU,RVQnvPwdUJ2wSBZtArKm,EigbNqdxvBLq6FwYZRr15iCB8RbpRH
cSDiNOcSBD,cKSGmJ8w91g1HBRYe4sI,eIVeEYFpXQd2kmOJ9T5BZ8lWGVd8DN
EtBdvpbrez,xlJoqSmOd6dwGJqAAIhI,eJ0Buf73Y5QhZkNl6kXJ4M4iEbvtmB
UJ2XtoFHC6,WDqFIdM5vC7ecS16TXUN,EMHAUWa9ckUv3wPS6CoadTDZ3BHP1H
smWZmAKlfI,jMS3dGNPymVKQ8tuMstx,eOZFl6uffUXylIca80yLDQ9bKlDnXj
KPMqeBi3Xp,1iIPw6jfOeIQ9uGH3OJW,ePHWORkYRE9PRhr34FzQO5SwgLUX7N
F1cYvQFJD1,IoqdXLSuEqw4Idl5o4a9,epjhXRXDtXI9wEWQPTbd8K5Jwov1hn
MRcUwdOGxq,Qlruo2WGw56kcVfuMIs0,epZgVtKuwANJ9xG2vkNGtUjHJa4sl7
6deNpmGKz9,Fms1FQ1vARdut6UFY3Xz,eQIaBv2Ca4VwFyb2h23HbHfovfC9UF
Pd8rbDTY8I,SBhPR45aDv7QuXFRKRNg,EURapYwiEn5wTNmJ6icXOvTfZwWBmI
VsTrwiXFdO,8PTdsMMsHk27fptlv7cX,eVKTgiD5FuoAGpPeBFZkOxAF4k17xA
bVLklUKyi8,TvubIQgJgVFFh1lPnq03,EyBXjLQU9rWAUaTjx6MMawxbeRy1wx
spxLgmkqg2,SJhFDgFOQoCEmllb9rq9,f1q30DKMF1iiNxgh2fkYGsn8afa22N
DnAosiSkhl,Prw4xreqXnK9SRDmX6eJ,F28SdIoaXOAsGdVJdY1C6JMESSWRPn
HOuG4KXWGM,lmId0bZXIRsHlBZpX1dQ,f3EFVy5oPgwjhPocGuItSO3W7lpuek
S4V3angiSq,kosT6YyXcGgxcd1rMHfn,F4F2C7cxkW7EID4lOEN6cNE0BJLCEb
y4s9L9tt8r,LwUxlZKmxI4DiLPi0lke,f6up4YxENUKlnen5ieFqyoW7jsZd4B
NUHD6TCI1M,8GZxeo98k4QAhF1nbkRV,F8G1qkHwyZjIpD1Zls36VJ3BaipqY3
GQiociFBpd,btODFnba1yajrNX53Ib0,F8p6SMEgnl4Uf26doGvBCkKZFQZqv8
E6hkenCcoM,WVS5oFysPqCq6RKMJPBp,FBE2BQ9o8u7m4wDtzonBuSmG8DIEV1
EuDXKq9XhU,CXbPdo76MJ9k73FRtE6a,FDnJ6mYLPVgvGEWTEiFRjomRtJXtz1
1emfWzMpZq,eebyE8uLWU7Y9SyWyYBK,FdtyMvkmiBtFtPFNKqnflEquSEP5xU
kAvd4q0r0I,GMLFilVovgTfC6FoTA92,fEgPhQkfmIUb82WXlhuHgyvykBrCv3
YGqSyDnTbg,me0pOSmsS2iaxDDBcWhO,Fer1TJFBpxXY2mbEkei8YrqOOIPgGl
Idkj41PpIe,LZVughiaZ54UHONQpTvq,fEtiFrAXyZ8be8F4GSrhGniWE7fjec
fVMwDW5Gox,GqlRMlSI4HHGnFlVQuZ2,ffeJiipdiohI2S9RPuMhN2JJrWUsuD
QRfKAV5CZD,EAQc2COnZuM11CrqIe4H,FfmiVgOIPCJB0i8eWtgjSzgCMGKzpL
tJDO1e6l54,pzHuYkRFzEb5GsKJlKFw,fFNOeiqkafgblE0eLiYWalJUnLfguC
ZBoXGTq3uR,7rU1RHWNEqHDxEwoYj4O,ffT9aCKkiLmW4wbbx1EFbAOoCuxs3N
KDaQDbEDIM,tiKgFmqxeqx5qBu5vMqT,FG4uLaig1uOKHnUIyaEBguUIQsJZok
bDncevnVj3,FecLomyraaeEelEkEvkn,FGFRlJ43dmNl3Sr4mgy6IcOm0PH6Jg
PJAghoi9jM,bT60tkwppsSVjDoDD2i6,FGjlfPwYL2U5ZKkrAbexltT6jWNKGL
N4AjGdbZcI,U8HD7GoLjEXWw2NOG566,fGodADPXHDJLb9wfx36TboI3M7nTkT
C72CELJq5t,pfG7ePRSXbIwYv5ja3Qx,FHJxdUZzzqjm5RKlKLmO0xDGnSGrJu
QuSOqeVnyR,quYmIrHMMpUDOaa5DHaZ,FiZhruxYOrPkERT39yqHLzagXAyzmo
TZhqHbWEUJ,B35FYzOgZn0sEm6WGINV,FkB8jR1o1A0i9H7nP8AM4qut7Pmt3P
Wte9DxdWgt,W7XkJ0S8d2A5cwxLaNhJ,FOAxQv3B7qyZu219nnHgVvDk3IK3jD
0xLhyYfXQd,OPeljIyCOIXpF4I73wSi,FoFqtIEGTHLQiILHJgvAdYgbS5J3Lg
C9QxHZYI4c,W1b2o1u5gaWB9FDvoVkB,FoYql2lH7QgpHY5mBZaeDuaB3AhvwC
KoOyt1ZMxM,Jen0Byb8V6Q08gu6TVf7,FQDNG3IpvYaDJhdgW2fcd2sg1TFbkG
sTt34V9yKJ,fUpBIfvd9d2n5SQlaPIL,Fqfc4mwUJsgfhse67xlVkRBG2qMQpa
zmwojpUGAn,vu5tmX7y2JLIuDn9gWqq,FqKXQZmsy59FmZikRzvEHVotHOv5iZ
LCXERcKxvi,ZhNErF2lCtLPPi3IDAoS,FtS2u43p0QMoXez7CpQnQb1MEVuGod
hieZcPSYxj,2RFZhAXVc8a9LAJv1HBb,Fujog9J9rxKjhJ2Y9BmfGCdnDOUm3r
Ie2CEs2uXb,jegme4MPfh0nIRSVAtlw,fVkHr4TolFScbh7iP1uXOKvHhZg4Tq
O0dCM7x4vy,pEdj5TNOvJyOajf6xGJF,FVrx8F3k3PI63aDquFaOMJdvFHyGIT
Zkcue6X6Xr,mrLtXDxqwbIzg91PU9cG,g5BPyrHU5sauL5WOyv92kbPfgbx2ET
2Ibowbdjjf,47pmGy3CfU3Cbk4qtdgm,g5BXOeGblRuUYKrFZ6MriaZFDhkGa9
v42vCEri4g,dPuaVZWCjfbrCIQyKOFT,G6GAm5gOeKZY4LadDqV7d164Rhrfc4
ON4O58G4gx,IcKIncast1Tr9g5FFjiy,G6VbIT4C4RhYUvsYWqbNDnQhci7LyC
fWnXjY9Gz2,gzsBKJLPG1tkhOYitrAQ,G74mM8y5gzf4Ht326rTvo6sUXHehme
K4k8vNeTmQ,D5hBBOm2kjyLbVOd4hxH,g9Glmw0vH1p4K4UFhZDYwVGb2yLq8v
NQRkqxXbxx,OS9WQm3J3CRtpDNvIRGg,gCDfLufLrZZPFsqlsMUIvpxBbTyNdZ
bvlARVQ3Mr,jwDkJ1TPi7Sot6Df1OFK,Ge5lI6VS9cKn7I7WipabL1gHLPEhpa
CG1JQtJ3gA,wKtp7ttlRgJSwKoOLoJK,Gej6PwbkTmJOgLJ1WW4jGC4uoi3ZAq
xwqljjdYiu,fr36aUGev3swtMnPArzi,gfIvP93PBIl0853TPoEYYw7E69O78N
2vNwQeHRk6,6O7wCp2rqIFVqMliwbJw,gGrGiPGiiloSWj5d7SNawQrc87y9Na
p81DOCryqc,0RNABQw1KunFwDkZXBPh,Gh8srcPknqwLrFRtDqJb5J94cBItRH
OGndaYeNr9,8PSNsP9JcY1hFOSHrvru,gJleSoD36R0MKeNguYuj1bLO5moN2N
1AYnNaLhUn,BheQkphgX06n5jhWJ4r5,GJNQ1MIEqoKIg8wwl1x9Qa1wIZZZxG
AHkJTEBH7R,8r0UNAiVxAFaTLjXDUSw,glH3yp8I8y7pg3Y3qBGsFEYkz6gtRW
uDk20cvyX1,s45ERAB54xWGoBeC4ybm,GnZQsiEwL3K0pQOOHrmkWlTIEgYHYl
rbmvfQY1B3,tbIc9LsJ8w2xgHsNqnih,gPHrnydUsxyBuCTgoFLI5bET1KSXTZ
o2Kv8cPOos,JHStfstxkvmcinOzc2Y1,gpSO1KwFPhujN25kRMoVX9IoYVl9xv
5oFC2BlCD1,WWN7mJr5NCOCPyvR7bNn,gQAnaCmSph8P6LEu2HMRYOh8xn1xHO
w1O6GZkzlb,t8L8rFkfLIajvunUV7Kx,gRX8NwBvB75IDrVHkvqndCPTqQGCP9
iPSaMCEyaE,0nxERl1pf6F8qg4QLYOD,gU6nLIkPqSewp8nK4ln2dHW4V8fn4F
SV2gLZ5ydz,m76eas1iBW68hICKngkZ,Guc7W9pKJJ576AMqqS9Z3Pr42vLHpk
2JjEK8djDL,cn3anUkYwwOy4cmBYyty,guPUXF5VeYFrM5QSa9WtGarAVFhlzy
UOzjpG8fk2,CCwcLbBUJxJO2F2KzFlS,gVuFiRe03lQbRvSV2w6IVNcbsjjelq
VWTqHQpbvZ,TeBkCoAWROcMZdWAaHad,GVVXXo7dj3hwnIVng5fepbS9Nmj8VH
XH9ALdfejE,gtdIB0Cfcf9ps3ajXklw,gwcJIQ6EQBTXbGp6CprIKmEAa0QQll
F0JuJ6PvIL,Z1Zx7P9VxNhIceOvJ0IB,gwlfP5HpQnxKzTraoOF9gvJqjc8amY
QPPQbhuW1I,Pb4wnAE9KpnGWmsWIXFx,GYdWiGzGDlsVjGBjKaEO5ZZoojZjJ3
jmQt1fgOSf,n7Ep9Jn9dYevvB6UcRsN,GZQhetDb7JeOS5BBaPqkkNX8C4yleB
7Pr9PielvX,JqO2rEIkFRIpiyfiUeLN,h6aO2x2HVfevf8WRLn52MywYY1jQhX
JEyUP4OURR,Q98XyAcPEPLKS7mxBz4y,h7iJHBZbjM3fSd9Bm66Ir3PhoeEddz
Bs6V8rjCFC,MnyBmXqHyAo9BBVvuXE5,h7WUey5j5d6RVz5RdWYp8z5fTJ6QHW
2QYweXLSe6,QegV2FXOD24mKdsTCOO3,H8oARDMZvpGF1M9AWVVYIu1pRtB5hl
lReixCLd6d,cS9AwWP5D6ghSzLrn4co,HcjHq9CrJYocIvvwxwTn4GpNujBjOa
jvZoTjdEyn,IkupHixX77PkY7KNApIS,HDp84XJMssowzGpHqFEPIoB2g4lF2F
VLC71ODRqH,hjjQS3XQRH1SgdGzaln3,HehhUpoAjyJqMluFedvp8mvK3sY1bp
pXJ520y7yJ,gKrCVkqvq2ZYcaRaprtW,hFKcJlKQFDOH0C48QvVYdDxH1FYo1c
WHjbeCRfmf,l2kNs6FIilQBH9gy9Znc,HIDVbkRdE5jHkUTHfocZlzHhd5ZRDz
CFFLxyoVen,I3ZwlKnUGINaKWp0f2h5,hiiaSyI7uRwIuYfoxDqWcMMnzdJ9VL
2tR2DmSjKj,6wld4qcQHmLkBZwZHgH2,hjYP4MEylDOKsMF15Zo9ufOlwxjqf2
qcFxUUZaQP,hBuxkI8IY2XrFodANcGo,hKV2M9ADDiG5N9vDnoD3G2ts7PBmYz
mRIxZbeJXy,7MnrxCCqDL2lalOhNnmZ,HlEAr9BoQPfNT9omjowL4kAEDeZlbX
s1iSYpfhmN,kgLVVFP50AGwrjPYx7Lr,hlEsQX2sEulBiy56wg3jM8ApMcvHXu
5FTNyVjYWW,0cyYt9aOHxltVdAHAoYB,HmpnSW7NhjejWBSESfXs0Ky4BpxPaN
6opmcPbE7F,BeANcfaettBq5up4EI1A,hMurNoXti0onHJasKtIOIp4wlL5xzj
Z9iN94vSkc,22ZSBW1wYsjMwUmiiDFK,HNcdBEwfV5TAUSrXhacW2ifNbOIeYM
kG4NPD4Ycq,oLLGYtI1xdaiOgkCI217,HpIqHEddJJxfEOb3wgSooUs9bowyME
FjUsAjm14O,YERVBMJ1YoCdEjWKcG5y,hqJZVqtfDu7OChK4vABIb7dXmFD4aY
IjmUiOU7Em,zia0w7h36KlyXiDFcbfr,HsfUCEfwAIAGOWdrVCndH5oW7RWad9
2SjCwZkHSy,a5th3gVC69aEZY6Tuucl,hsHa7sFxDLovZwF1sQJpVvs6r4cM0l
RONAKY6aPk,gqCEvQLQRgTghBL2VLiw,hSV4rbiwJlySrV3wuw6YjTS8RFcNjP
COWs9si8JO,BkD9cVMMROlPGyi3MQeS,HTXKHLUqEXXAin3Bsp6W3dVDN3xYNm
kAOkw1YTFn,5FE1AwKVOATLHPY6fSN5,HtymcYybxuLnCHW6txHuiQaN48orNU
zo62FkOCb9,sEumHhyrNpeQ2g70zCJN,hUdG1mMU8SgK4KXbtwYcOj6KFsFGrY
CZTr5cu40m,DTD1ytm9se59Gi4o4aTt,hVonxwu52vshfFOqplxH6Y7X8AqvLW
DqGaicYBcL,uKqE4hvkjmOgQy79GH1O,hWDVjtxB1cZseAPrcnQjeMRWKP92nk
P6SnE9DiyY,Zmk3udHqBynUBsnfenv0,hWRibD5KbSuuZ2KPhh3ItZNtXwG1r2
8yJDsZdosQ,HVQEHf72RnKWfmdnIlW6,hxFHwvSZkzwv1PoY8xeJhuIHTt8w5g
Lt5meKBBCg,qe8lXRXqxvIAQHACD8VU,hxLbuD6PmCTJRwzS4GOzxLckjuGMwp
IlGnAwC8tq,U0Zkk2KvdiadhNvtO3om,hxQJEjOstePJDW7nCQHnfaXyDzCHPr
GiJwetXGnB,gGVut6V0ycdETKWGSQey,Hy6sQ5MHmpXc2W5qeEov7T5t3lc9NZ
MfMGfenMGh,4tkCA7gRGQQlaeupiJlA,HyYXZ7gzUreWtIJ1GuorCJgo0XuBi3
Ky7qAn9gI4,jfuU8LtycX44R59LgYBs,HZ4eKLl6QovJXWYbQt8kdY26BTgOVC
GvXLC87hFw,kVS2oLC0hhaapLCzVYGs,I0GR1BClhc8EEH6PZbJR4KchynsCtI
qDhabiypln,3jqbH2tbZcNEaPnjqW3M,I3wSI1atAa59xtLA4VemVNXhrwnBLQ
LTc1pBs7Q0,f7BpXaMc3syoWSoiYIyj,I3yfhUGYljwCGyIvicfvJ1hORdQb5n
SHMmNWa39h,SOQ9tg6nXCURATxD6czG,I4WKtS4jMq2E3FpU337mh5HASYSMY5
D6tjhlj4sj,GJpsuyrzQazmNUXfP3In,I5v0Evg9UDylcS3PXEegelJKK68ot9
KLoIbjPhL8,MkAnBx1QlSBEHQnNKd4A,i8Dpq0U1QQmL9bbt39M1OCH0pkNYRW
0IODZNWf2v,Ypiypfd7wkjryEGCiaGB,i8l34U6eZtvK8JUyopKRHr4odM2mc4
EoKDBxefF6,WZjjQoFkvAZOrGUCWrAG,IAzjbg1yfZQ8nBtc3mqSZmSskIO7hn
V5v7IC2Umh,AuRWfQlEcXQ66acdoMAe,IBimLDRSZ99ji8y7oqNrXrB79euqrZ
jaFhiGIxja,K3J8G9r4L5XAbhOsmJCg,iBkobgdfieS4dJCDKON44TxrZStaui
f6mjjCcAqb,jFDjWXgMr5aFiGbwa7c7,IBS9j7MA2M8vS9FGOgyxpb2n37KXkt
qzWmTbePz2,HzTpeJEyq7jtU2VKG67P,IbxAt8rZeRope74kwjedKVsUUmPbjr
nuNoa4XDH2,2SWmiUBy783zpH1K95Ez,icOQaAMirkVtjbeewZLTQBilDhPUuD
OQuFCcotAU,x93I8HPe2GwcjNctwDoE,IcrVQWBkzb9dnE0wmyUSQXyeQqsmHb
Pl0sViClTm,8tJkqpC8s1EVd4dvwhw8,IcUpOidsw1FCTYDEshVm3qyiI8CuHx
9IYdowEmNb,n5FdEFun1GSoCtHAFkdE,iDhTfIcgsb51jJpyGrl5glsCEblXih
mADOG4exyW,OOWBgNt4CfSje3CfsGHn,IEbWwKQPXfBvdJMQDksIC5RCEfVJmE
12M3KP66l8,6aqDK63Pf6CpWHUgZeHW,ieHb6Rn6PH2IAdtLmiiF5QFQWkMebE
fXoI4TJiZw,AGMTmgwjdHAL6NY8SItj,iEkhwX477n1Ec5f5iWoJ3DnmghDgEe
hXNyhQPwig,AF878S9UuhLPqCR9FM0p,IEnE5ppnfdD8Hrxc6SJVfs6iJXoj1k
g7wc2q2yRA,y37EHiAXWKjvQCZ19N9C,IjqjqMqy4rA58EKhVyfKNgvQAoQWar
3qDqhJhVV3,aC1Di6wL9VlcdosmABI8,iKIbPXZWE0yPHGGCJcSiMiSAa8kxEY
3tcP4eeVEl,qbkRmGsxRKSwuI75NOp2,IKoTw5o7P5feClmX0mQyv9y6JUTXxX
KyHviAD7vy,uBSVt11UznJ9dsAtbMVl,IkWFqlIU6fD6ffKtA7Z7Ks63dMRuKF
uZQBj1wS4J,Lyd1cirIrxy8P8W0QpNa,IMGwpFRcUZ82iJxEYwUBYus3daIGR5
dkuWuOWjMR,8hSssvXSYoZpbMxVWfi3,iMREewnggjYkhHfzxP9pwTIgNoeorZ
LFUVIF7iRX,1917o4Z8UL4TKdyCeRtv,INLKTiYxOPVR3oJvoKtIqEcVgWiy7r
XqDAYSo75o,LpR3GpBur6k9pdRxmvL2,InUIvIqVciAMWUxo3k6V1A7uaPLVtJ
3wECjEpG2S,1UAuBSMkVqUFLMMVmsPx,iOkxYZBha8Pmjwm71GN6qTiEweskhw
GCRK1Eu5ee,41RQ7OyfbiDUWvbZHUaC,IonpnWfryg5klmNKDubdHFp7ADZvjo
txyyZjlfFq,UWiuDamihZfMMogsUL7O,IOWwWLsWDljZBDueP6UMjGuhmWVdYo
BKe5OLYnjW,el2Z1w8JnwXtMohk1jrv,IPalTcLlFx6V1dUkIx9OCmOgvJiUnb
lFJ6WGsYvR,xcZhEqUYCD2nK0UhjWeI,iPUuBh2otfpVKvYljxFF5G2TKZIvZo
CknD2C4In4,7dT7dBroaCz4nUynUX6v,iPxjoDrvSpL7xrcei96CUIAG4jJqHi
xgxAf9d2wj,gvwcSI2MW8i1464rG1qb,iqdIZgMU63QmPxJPZvC1bKVFoACxMj
k9WqFwWePk,5exOD14DAQ2pjKDk1sJP,IqPB8Xp84acUErxQffRCzorj6ZRRWa
61PRK1y59Q,4GF6ZdOEr9vqCI93cdUb,iRhARiwgav3YIv1jzJ6NLIyL9SrXK6
ipp2fZKa86,pldXK1OJMuHcIfA3fGXa,IsdFXZrMpZj8oF5hT6tUuKRRWvewJa
jN1D5nV7iy,aSW11nqXSX9lbt9hO24A,IsJKbbyzhxP8WXm4E9IntMj0pjkA5Q
FQ2XZtjGG8,cUxeOwuntS7ODm5PP60u,ITcc1naORUP5m6WhT9mtsN1ZvbEVz6
AvKws3nJFk,szeoPgUUBc1LktJSb8BU,IUyg3vifDkmv3D31qxYqF2UV7q6Y3Y
39lygtDbfc,aYcgM1T7E78Ry6rbfqpJ,iVjrRvMclOzSsYJgxWqsQVCtcOIJ2q
B6uEBDUP65,m7mJMmY53KHjqruTWAVq,IxSsFTH66cuxMbiqzjD9Yx8pXXVHSq
n48Svtr96Q,bPLmI7a9Qa6qmSNocf23,iyUEI9wVBmBw3f6caUXLvIdkGKwySx
FEcC0COfGO,aLE5GjWvVVOM7kGg64Ao,iYVlRl8pa2gtuJZXMir84qDtVaI0qg
vPKdEWlLx2,c2V9v9BYuF7rh9NQoKP8,J09Qc35SSmdDO9b9h2XdkrbAPvBnEf
W2VC1b3VMa,U9d9vn7K4dbxrBPhUXGw,j4CokdrGHQD6WOaEMIsaQ4BUYYQAsI
4j3TtZ5mxy,6sByEkEvFpQ69Xndtqwu,J5VeQHbS9QE60G9JVblQQ7me4mRtuW
aB72QOUCBh,kcySKHdkBOqAqY4kdF1t,j7NrrwYKgcUApETANVDehgryJKshgJ
MXVN3fnn7s,DGbrdn8Z8XOa1NwW9y7l,J9bKIEs3trvdRQCdCriuhpQ424XqFT
reF62gHefR,xTf2OBFRu3tycsrKjyQZ,j9brKbGna8CRAILQzFn3HNHuLQm2Aa
VhDpZJoqxY,XcrM4uxDIXOBYa1MHKOU,jBhEPGHYVZJnFfL9AW5fr1oyVCokpj
7njyTW8Mxu,rZpPijs2yGrjKCoZq4Op,JcaYMCgv8WYP1IKjCLOD6BjaHEXYli
RE3WXQ4Nij,3mzfwWCqttOf8TuXDJEn,jepbFnfCaLp4I0rX7An5OhnSMh4ypq
iRiGsIxKc5,CMgD6UuDQm9SgYpfSEws,JfBi1jrb4VySi7bZiH3QSiTcwyiAen
SrquVBtu94,4ZbaGZB7AbMX5SMCdmqW,JFQir6VK9nyS1MoDbHZWCagKPOBmpj
w2QqQjeZgk,iRAl98dGJWoio2oTOw3B,jIfMC22F04DcnhxFGDWHW7scHQmNkJ
dFTSYmZ7hA,moAjsmaXTgSakfXrbCsE,jJSggR8KGBIyYhiUnFineiT0OgqNYC
eMfFdi0kTs,fy2EU1hgbC5PNt6hgB4L,JjW4HcMJBieQpmtfq39Ebp7B7eoe2R
HhM7CjCnoD,FabYGqcXB6yfrOgMSvT7,jklcoj7RIqp80GgZmFxh3a8mbaU3VC
3ufTrf0XSr,ONz9stCusMotS6lqJTSB,jL9WdM6LkCIsWA9YPCmC8mdyFZZsTs
fa6M6vYizC,eZ1FYtQZCSWPxFEMXCPL,jMA5bOdYxmsCx9HQeoMl759hzDIWuR
FicXtLrxPL,opaJBownXsjFCXLr5ZdZ,JnI6HpIoAgfZ1Wf9RFBdjoNxPG95mF
ES4mqUWr0g,lzmusUqEQvm56iXQuaEd,jNT4OHWySGsrDgLzbf9MhSWrfeVhEa
HhF0eV6wJn,q7imYjWs0VcJ8U1UMRqT,jOn21f3i0wOZ0PPbd4BIvOWMhzfWED
aiFByXe7P7,xWjpNpdEga1S6ZFx6RQj,JOtVvaldcfeXEleLPhmfAY6PHSrkOV
fGzUe2C8pQ,WDajrOavDxGWTkPYIvLD,jQboQpBAUfpLiSVSUihgbbFDDf5cNI
aKHU8y2yGB,T8WQz3Vuj2vsGuYNi3KG,JQhJeDWCQLnA32JKNZRGmobaNvAS5S
QLLGTCZgnY,2er7bZDHG62FlsuvA96Z,JQibVs2Az2CyzO3hNjM3wPCEIPOTy6
RA1PCeo1vd,Un7ieQG0h82y1jc9DX3f,jqWznpwuwOWr5fL3asxq8Pf95StkrH
gQZyfruJfr,1XD1JeJmnLPr5FdqVE4Z,JS2X4HD6bvnq7nxspxZCtUp6eWJdjI
32ItsA6UWH,oaahAU3cKdJm3dOQFnhb,JSIi1B37JG7r5anRBecGwP4ciX1PtC
upGngDmbAE,EEAGKYNsv8AYJlYAQgr7,jtx9P339YwQqUIpTwcNFfpePn4Pjcl
HCIyhlQ8gH,1fydIBDr6QRdISQPe29K,JUO7XQxCay1vyurddyVPnAjMTm8jFd
HTkyiBckOA,4qYXKQi1fMMfgqVqpdpn,JvrkK1KLEHHvUmwILHRHX2p62i1bvX
lbI9XP7ZHs,auJhoCbkGGj62UtpjkZ3,JY7KrNC9BQC1QtD6dDONHS4pYfIoxI
GvY7iswrV7,6Qzf6EOA7RcVuRVvCDFV,jy9Uff6cbqOXjzcDKHpJf3B34CU2Np
JVRehr9NKs,WdEO1T1ny2A4QktN9kTT,JyPOig4qZhZJnwRXbBQPaeX9UJeF31
vSrsOGYsYW,8H3ljf2k54waAp4Ocoyk,K6LDKjx1lqXSPFBrxk94TyE65JbDlD
5hDf2FPntX,iyWQ1HBXlKi52098LiDK,K9InOkamWideWKymOHPlSTb5ghu67b
4pj2Zm4yhf,uRoTubZhw1GChiajT69N,KA7Mo0MuCnYvKKCRAb7iud3HVl7wuS
KXDKBScIhx,hc5g8YoxedpKX8O1qc67,kAFV36rHWc0zpQ1OGpkCX7hmfL83VF
Uakvy8APkI,UTKQXYA6t9tD8tXKiLdC,kB63x4hbjwpcg4L3CpoxD4ykfmYXR9
qhyh2cSnac,EQ4J6y7KqGQ4BX5nITQf,kBDJfOL393pYCygCSZrClD7xjrNOR0
3of8wt1PXm,BoFfZykTPEJN6scyyhMM,KBLxEgwKWYv8qca7AElV7ooaH9VQS4
SpiG3qviAF,rJey2vYysFYlc15ZeXTu,kByIfIuaBZS5QnatDiD6si7Z457sHK
Bu1HaS3ECE,cQWvhkVlHhYcY5gDYQcr,Kch2pZBwXWDatDXqooYdYL99BqHukC
Q4FN2qmmkG,QAhnrpRNfBJ74jDOs8Yw,KdNW5miRkxC4ZHroThGaqKLlOXEdUl
qwX7Lfkgyy,YEa1agRpD6EQVarKnDJ3,kdPoVC9hVjYAdHB1ww1TvvhitVfeRl
SAt69U53ex,KNrEoqk46eg91unq8CN4,KDWo9bo5djOShbTkp60a4Kp3PxjlL4
Yxi6b02YkV,0jPHVZTz1rpmVWSffMhN,ke9UZmtsUV5GnXgHlcdgsybMripLV9
iIJnwZEjd3,teWUoZIMBFjVXrBke1iL,KGGjDtjvWqrnKjKiW5v2qLqiG13Mj5
gaiYwkqWtr,ZC8X6i9eQsIBOc5H4jMA,kh5b4D1QhStmfVlwMOBK7lELPwmxRb
t2xNJoPzSA,zYXYyOsCk8TP1NIjui5S,khOwG98ODJaKcqyXOzR4feVPNQYVXV
am2frChQvN,hyGOtqJDAmnGatvT4XPP,KiL6urutnaU9wWwLKBkvPYprMVBo8L
QevqW3cYoj,4uSbjswfnR0dJoMtlNHY,KjwD1dMpKrDliGquPNfEdyzQWOaPPJ
BOh2evhaVI,JqJMwoRYlow499qZtkts,kohcttBUaQ42PdXUfypJFRG3N1KiuY
dbNEDjPPb7,4fDX13u6rssxo6Ecl95R,kpesc3VIosh3GStfWpNEeo64k6eOAx
CsLMtRlHCk,PN3FclbpxLV9PUcf8iED,kPkds24oWbZcrotB3mRYIhcuAYNC5t
BDWtiBe0KK,cO5gZ4NGdSOtp9rXVVD9,kq3dcP5XxIgCwtZAf1McVRmrACV3mJ
j18jZSEdrD,IxKvBYXAuDtXee4Kh9hc,kQsAy3Jbm7NHkwkWL25rub2WYxHLo6
Mnc3fKRJWo,lQQlTo1TcT0aHW0g3IRw,KrOxgl5fVI2CPVeWhuUqAsJIWFwvbX
huubQ9lyQN,XuwhmZCRAD9IvJwWXIQa,kSg21NBdLwMIMsfQHwwSuHahDYELhG
LGZM42UGBh,9DpDp9npDiMiOZ27FBF3,ksGcD4yJXx8TtYb0UUEXBEX6FCXmwc
DJCSaV5hXB,zAqHZ7bIWy5u6Cv7InXy,KTV6aOjQ3Bocfydn2DNUIqeTTxc7mV
pdLkY89g8Y,SeBaMNAu6heDkzEHWopL,KUbcCwJcOKMDoRc8patDBTXi5AH8dt
hAvGaGzp3O,yGfs8WCG4jn8EVXpJ8lf,kuXkaOYM2cUKQbjT7euqs24WZasN2A
AUNdS4Cs2V,J8dL4E1i8KN129FumVYj,kVjU46jCsKRyCqNLcNL6FLd1CKiSQW
jjGp0DSOsb,4mEGS6ohYhTLwPiF5RWE,kWllE3vwzxuI64q2jZ3oPugLz7o9Qi
bCw6i22amJ,rI56HLcLtRPHa45BmvJl,KxJrzNmJuokLBWq8UpAdKLLmS5Vk7A
ONkQ9WbOjF,w7nxrsx9Th9DZOdGQ1rK,kXYX4cUCQZngamiG4d6DP3omDrumKO
Yj9PwfSEbT,bSHrvY5O7HllbwCcDaVn,L1bt56eUbWvq0uJrRrZQEyTkDHlEl3
5Ba4jjcHWv,KfrJm8SwDWkRTxdbatoQ,L4wpQKbWFJsUSabcHtnD7LTDqn5I9i
T6sT2FD2i3,i6eVjAZO7tQOVwfcoVve,l7GOYyLtQZm8uXFehoZyakpFA5UD3O
V7i7c5L81D,tGbtAgAa0GelXDEKEPbk,LAtX7XtUDCzwIWJS5s4URtIhkjDM5Y
jijPTERrjA,jReqHU6JNA64f2WYE0Nk,LbE1uFEwyKuUr8ANFC7XASvkLQ6SW9
f7XwdOClGs,vO88HUWmyX9ILjm1cw7q,LBIaeAP66ZRUuxyXJnC8x604EyxM4p
HLByBYVxuf,m6IFHb51aN4fwA1HDsXC,lcNLVQGgbgH94yMqGo4c9lTUutIwaS
tger55ElQj,ALTdetynBCPfkladTw66,Le40S7Mb5xNYPODKnZQS9uJcTgeQuY
YXQAEFp2Tm,wQ65Reb4t2aijm4hnJdi,lEbLCDDv1mh3HlHiLLBKXPhvIvibrv
wN4ng5DhcL,BAA9Iv3Ng3g2udwEiVCP,LeSbk2lRLdEh70NVPDyLIHRNJAAI7f
XNtanVnl3N,obfHURXPpowc9qkbXkcB,lEtdpbuWNMDF1iS0cmvXfDeJrAroBs
ubrzPuHANU,a7p4D6UgxvyLCMf9ONnP,LFB5ADgNCFPyxq5kkdj5NvKs3a8L4B
PZ6TA5MB74,JMhViC1aJYyRoVqcAOSY,lgE86hlsig1SipW6lPY3Jefo6x34Oc
Vz1fmCU3b1,vAa1XxC8en67eT3PohOM,lGJtNbyMLXOKoe0MvLkK2wHwNmPD7Z
inOVFpfs4N,4cnp5P5579IuXbsy0EUi,Ljps6G76KvDc3NU4fWgvz2NUWsqyj1
ge0TFiadUf,653WIpLo3MVAFnLwJeQy,lP9wd2lfyXNgQEwLfsYz0J658s4CMf
6ZJl2JDqIG,L7lfiTHWdmVgr4cU5kkc,LPfHwkijiyRPj2QyQG5RvKf90J7p9i
EUVvWfcpwG,mp6jjGIuqlMjyA3DCnO4,LPG1nttKv66mDdmoGhUyUqDp3KWniX
eRXLwebCbr,XekNBwgOfg0yYbC5x5Tj,lpzW8IXZBYRwAqLa8OhxY8hGFWJJ2I
ohTNDUvdr5,8iYu4A4sXhSma15KMDc6,lt2p6nAwsCUqckAl4F9w6LsLCyM9uD
TI0256RgY4,QRLHZs3MXXsTW8a291wN,lTa12VUvrpDuUG2rK6sJOGx5A63omI
rVKCl5ocl6,KIWXe8x86ZDb31xZ5O5o,lvxOhX5ATXmCFYNhs8RoG9KqJJb9mH
EMvv1DduP1,up8HiPp4tF8oTeMgAbGb,Lwdb6R7C6plFiVUjw0xHeZiRSfzlDo
fIUpkC5oZn,5XA4jRrn3JFpRtwWd6c9,LWVcHDywNAhD8mmBGZJP8EhyNXqQFC
DGnJDpjRe1,8FfKUl7sld5tnER6GS21,lWXf3EvyECFTVntAmQHLDZPvjSgSkW
PtO6sVHrE0,fXtF6kUJqdeXrTxkvhcW,lXVWyKDdfDppu7wyYvIV7dvAVY3SpL
37j3fHLd2r,LkXY9FweD4AbI4czUAAP,lyswDCGebBcARosJOdgCOwEKhCvDL3
lMe5Cs8P7h,pPTeoIbwOKJJwLgfMkCg,Lz4XmFDv8HFcN215JvsR1vM6ZMHYMR
GyFDBLILwB,kU1HHOxccC873JkAihBs,LZWxIh7oIgoTWZZupgv4xfpc5by4SZ
rQiCwDyz7z,bQxEDASnjK6IhCIVpRFb,M10uVpXN8FscjVQCoRBGIK5Au8BgfA
jPOkFQp4RS,0imyJv6bFFWaxeTxZ8Jw,m34GNf2z8WwCDEpDIMsH3oTCnOnGnj
Lz7VJmpj6a,g528mnOHZyCZxRMJ8dKR,M3q9tothMhskXS4c8xSbvdUOD4k7fP
9U1OXeLNGO,BU3vu6DKep4HC4boOBYP,m6M5G71e3e3LrcV2CXr6WYgpmqE1G1
errpqsp36A,jQ5mVdqfsHzsZkctU83g,M9ExnyjiVK7cPntjUGFdTSxbm1076k
8axB0Wo7G7,1VZoarASTSqtb3GZHubv,MBfZ2fdUnrZmOE5rWdGEfblQJTJKgF
ffnNN8ZFLC,7vy6nlKvXM2T1luYmXAh,Mcp1FjX5DtpeioCyx2ZuHf89EfGch7
Uwf1erksQR,JhyWwhHO12MqR5eMjV9u,mHdoN1hq0oCB3A8AVqF4S2OOsGcd4W
ogOQnVumRu,42fpHqJnzKpbQsHZHDaH,mjMHRzpHw8l7b6ETUfAxLjSdiDQHqQ
LeXTIpbUFg,bwbvd9YREKCFmsN75ogq,mM5LP5lwba0W8L87CpdSd8pIgOG9d7
AwoKe5TEfh,5HLRtpVWS7Mb969foMBB,MmFkpfNX5P2FPyvu2LlWl6PSq79rcA
j4NxhShN9i,GfYoa6EgOdwgyWOnaHPn,MNE43WMsFQkSmtXUi2RVKdaOlGGTJt
dUb0gc4tcQ,4Sf1YUJS25wB1tOYXLNp,MNpXBShy8RGJ54iBEQY7QRMK3FGlTW
r22e5WJx1k,VRhhLbarnxCj6cxibKvz,mO2YH8BgInmnFOqioQhmy9VCGj89R2
t4xzNLcxqB,xdhDut3IC8jlikNPoNeL,mO8TpCgBQfWyVELMxj9OmsxOfhk6NX
31qVcp1Q4U,t7XFgeNcAa1FT38RrDDQ,mpNZbsyvRrhzHKvD4yTXX9A1fnJdAP
KDWgas89bi,kOiphRCTzPY6N9Mmi1Lt,MrLCIEhu0uCtFfmHqO49IdArFh4IhZ
9jptZRHT62,iNPAjY5D8u3rAvvKNyuh,MRLnftBy4kAHEPT4LaX9aX0eGMxesO
taYSszkA2O,LWMzE1VYE7MKTwFnjMdK,mSfZijN8Sfs17x5signgkdO3lGZnFv
Q1IoOBMo3j,iHutMtxR0bep9hwMIIqk,mTRbdHA8For5Scd4uXtqkgB7mULSfU
DdmmE3VVAb,Tkgu1ijL57I9RYD1f1sa,MtrBTpJoknrHFlZpCwx62xQZ8r37rl
3kxFYHWgOC,UqwcExj4e9txyUbypFrg,mu7SuYlKTvVDdiod6glVAmvcQdzgsU
IcFsYmhYN4,OBS1VrE5aIHHjIebgEE7,mudQ9ETu9sZZRQnUWvu8TPfqqPbnFU
BgJ4kYzgOW,eeTjORymXHpF8GGoQejn,muoq4U5F0VLkFhU5cRX6BIj5qpbuZZ
rbISrHkFNX,alwlb7wx8Q2cJSIFfIGZ,mv2mErRFlFwoNFVSr66itdZMwTmZAc
MHNDpVgr6M,erLRXIZO6BDOTaRr6cDE,mvr8fcePBRZkMf5D05D2qW2uyxQMHV
LLHWmRzkCR,Ne2MG9UhTdHRmBpqoOYe,MWipFG1Fh0xfd7ppsw5V0Fk9v0ofHJ
F49KjgkdcL,IZ3Cc1mHdda77HBwaNdZ,MXIMzJvwxdPqfIlRExmW7UBeAudXsd
KJNfiml34v,daV0gPEgSCMRurH9bGPq,MxqK7MPSBHs4qrKOOlcW7HpIn7dS43
oH2NEJS1jI,bI4RTKHYltfKhVQycd4D,MYZJrZfNOVRzdCjNB7rmnMMfJphoka
SAxrjPVdQM,CkMAUZ8HgNDWHyM3WsES,MZ16hdFdUsti3vBL6n4qvHrRmdIRXm
dQLnBeHEkz,sWDCpURviAae9CW3LWXt,mZHpUhsf4pIpWs3OmUpKnswd2Hop9A
2c2E4V9cVF,XrRgrBnyTuYRGZ3zjkoE,N2tUkqaMnZyAE9XaajMryagrmumCQX
JSXDTaXpH8,rrc9R3HNPjie7FEyxJm5,N5pdfPyndAzIORxwIxtwLNCCzRG1hI
N8lVrbFdel,UTBSH5dHfzPBB7HcmQNF,N6Lr6SrktqlcecveUENqBkAoxP11jQ
JkqG4hAbBB,k7KJcWolWB8IhmmVVtPW,n7pXBw7i4AQBdur7SMoLnu62xf30sh
UQ9YRJL5F8,uPVDOUZRr2LjFwdlpxNt,N81hSqdcRq8I4bTkMmk0whqmAx3kS8
KFofX9XVdv,H1BzC3FvpjdkGYSs7rmc,naUdsI6afEE6NrkjCTveWyscCSiJmP
12lUBxGSN4,Tx4GBWEZMwWyEf1r1FGg,NBQWs7ygJ4efVoo9CffkyLrhE2CYD6
kNpXMfDwNH,QixGhLXDS5FCrDnjNZXR,nBVGgZh3vL7YrSsqLmvFzxGKp6ej1n
xMJktRFHOt,BvwKHHppxLZbUZfsoOHK,NEdPJpBqW2cul4pu4Gt0gFNMhKTdaa
hiOCLppuv8,NBFAnKFeh3kZyg9cwDjm,NeVbEzKE4IHM2SfAciMCr9XRW9NvqN
dBDEchCejd,XALmHaMGym575IpxO4y6,nfzcAE5N2q0xBzK1pg4uoKfQLTFoGk
Gu6R2hMq5h,au2JZSbVHseZttb4pSia,NgnltjQfK4sZSka6iRvV3BzvUNK51T
06AhTHW9Zx,2w2hphnZVCbJ2il2OeQa,NIiAGZqSowFxCHgC0hAU8KG0J3FGob
iFyKXIoEDH,iS8pTEnpsxsVtwPYSv54,nIuqTMxXKNBjfxI111cruRc6exLdet
saywzXH744,8VZpic4a4e9M4JiO7fCL,njlofvxKSbNqZfucJDCpE8uMiP6eOA
y7owGIQLHy,bMmleJWSdrLhUtXFYdpe,nJPcxP7YlvgjxoTtyS1OjmloIPUyps
QDEb6PB7uZ,g1B0L1QzmJBjs4aRBDAE,nKEIX2LhRI6JgATnKH2ErHhhN0tHGv
mon4cHHCkU,RNw6HoCP57E9E29rLvdh,NKRcwq98vVzf8bBQdDFBC2ENJM52Yw
Bo95ROcjQ3,P4DsGkLXkJNuiWQst1wp,nlg8Kux2y6oK5qYEEfw5DlBgk8S4fa
EVcgXmcQQX,uFdKLqJGfbTmCxKdUUQ4,NlxmBP0qzbukVwnV4n2e8JZIfVvSuZ
opnCTxKUXm,jtcXu0ojyA3JelrPH2ap,nNDkcs2yQMt9lPvxFIjERSKQRs1QXH
UpdXwoTUeW,ahT7U8TQmj0PaPa3S7g6,nocBiUr7C43ZWwpKh2RX25LmlBUJoS
Too77xERQl,wDto9pfEGUA9iDH3VfVw,NOMxXIMMM8EU6EPY3QZmZFOqTL1RYT
FXNSpTU7tg,jRz65oDnStprcDP4ROpo,NOUMi1H7aX76Ia5DEHALoUY2TM5rtM
4T4jUxj2YZ,DMvF1j7vCCL1VTTsKLbW,nq5lXsoDtYkpI0SZqp4s2jR5jMOWQR
IjU3mTJtcS,hvhLK1g5YOhVQ7IwhocJ,NrUE92YZbD0Gb1ERNdsEoDnr9ETsxY
pHGheNu5qN,m2FlffrwvuVnpN6SdPfl,nseDrev4P3888ie9qhkyk8t58jHmhu
nRK5IVDn66,Iy8ngdOmCmyALWDMttCn,nsEhC3kL9JerJKNeQRKCGh8If8sUs8
3lF6TU8eR6,vTn4LZSGDNuDEPFEO6nP,nsIMCST4ALS8J2wCij5YSNUACvfCuj
o9pMf1oaiY,CD3Z2bh58fpwMB2Xu9XF,nSIZ2VQTCDssH5cecDWSO6nbNrByh1
scPQ0aQprY,WCv9sH5aln7tfY8JmRty,NUzB7qINZRkcSxOpcLAdKRXZoS2Wz3
zsKImdwHF8,B5P1jMLsCT95vtTIULQw,nwuFMhKEtz7O9bPJffXFu32fHt5HCA
K2TKWsSRV6,BwEFkxMShg1t9epJOdqF,NX29joSH3cubsdD9DX16EydcqbXVZo
JrO3Kn2e5c,kPOvTBv16M4hUlbox2zW,Ny2AVMZMHjYmtGYwKBIngouZPQI1nx
WI7JpqPY16,miFBsuSmXIUMKNn2BzPS,o1iRaHowlf7tcrxArm2OQZsYicEKhj
StddxdgFOn,C58xNnfRZGR3j7CSfnHf,o8MRcPXDI58pur1kcxFg1VUHhAgZZt
mb209SNmmE,djMtvvCRU5T7x8R1Gl8U,o8q7lWdqYQIXG0S8BtIJ38KNlQa9vm
MQKF9I0HVN,W7RLGbLP2k86Z3bdlrFM,O8TRfqRkJoBAY7HeYGfqHI1NozIyJE
aGs2omKyVq,KfWEWMYfBF2OgcYG3goC,oAR3qkESR3UDwuszJodgWjfbtFXPu5
treGle8OiO,KAn3440CTuvCq7X3HYT3,Ob4MMp2eUwkPoxJ6jgorr6Cn8sKynJ
8Zo1baRUQv,eaC2g6UvxhXF5KPg7D9Z,Ob58dY4SH8kj8d8lDwD8rbecjPpSYd
RVKFGQB9rr,hXjh62RwvOCUBLthDVmV,obP7BkcxNF4LQB7kCIbbK9gMrUZjJI
vlJ6TGGUFd,FQUIEokj8VEHHVvjkHhd,OcSBg6rM59t1DanORig77SA66Pm2SM
tY9uL27t3j,fYvmWXLHaxjIX5VtVERn,OEtK3obxZqF380ulKWaOz81A2OmhIu
eXcBhYaR1q,4Da4wVydphiMfxIU4LMg,ogcrPNce44KjlnmncziqU6jK24uA8d
Z6ZBBkTh7h,scWjnn8Vgwc86pIp1Lvh,ogfSQNqK1ZTPJlGkjRBxMd2QOgsDB6
HSjE9M1gnk,Nlvc11vn9jYjrUgXldIG,OgiMlAdLTEZZkZvMy21U3s8kTNiRX8
271LSig2Fv,vD5yEj19TvSl5GQvf9Ky,OImvgK4hMd0A63CLCtnFuVTpE6kdcI
CxYMSMSQCA,EcyjGM3hRqweDWFg153o,OIqUug96xrwx9auhaDvSiiDoiK8u4d
kkU6fDkDj6,gySuehA95IKitVNBX8hB,oK3Iq2dL4jtWuTG5byEWhfK6NHJVhU
huncgsS4Ac,wGf7Vvvnt1lpPD6pE3DT,oKaBHvIBMIuNalwbRVJ0C7S3qx8qyw
sX1iRGignk,YxCGAIEZcNGANAm2dhM3,OKmHIpMGcTrRBAxDBnkMuQMvCPTheu
EkfgdXGI0Y,6rHE0KqrCatppbOJCCEB,oLJamNwSmLVNOx8Wsg5Wxnx2WGs62n
6noJZG72TW,kRPE2MSE3vDLpPwTZfAX,oRuZOYRdrt55p8RfujhustlvE4hKhG
oM665qrmpp,F4kOUFEmFJgCaEfCPTj1,oUDV7lxeioUvOxtquV1fRqHz1My8Rk
JBrrBKokWF,F7udH9imOBVexC0iNrKP,OVDbrS8szncSsUAfa9j03qzGA65T3c
wIsV2NrjOV,VhWgTwGqy1TAS3hTDVXe,OvkkssBybUzXYI2hPQ6xgguLG3NUZE
pk8DVUcpKl,uuA25jQViFtd9ie5RHcG,oW1K1B2buw9OYxpU6dsOFEhJnh9vh5
aQeSg1UQSx,5oA8wL4AaWFeucL3Zsfm,Ox2I56unD3VHTHY4AWNhCZDRknOndC
SwE3OVQJne,Gs545tyDZFXn9YW9XS73,oxcPKHmuCroqeD3qEpbISSPI23LDNu
LVjOoVGGFs,v7rksBdg4NpCPXCNJExc,oxkqH1LEM4qM4I028VOkMiTePhIcvp
IeGy9Hsn30,dHjfeYHEOD7PsrMlnUP1,oXmzuf0mQVQXsgdr3fJdGNjPMksMbd
PZMfsF9RJV,5pLZJwUpB7aBc0XA7d6V,OxWsxuElsHtybLC4nwYIukOV5BqURB
tTPghRIY4N,AoqYGydm4pRJ3FnwubWw,oyK8Iwvk24zfbRr4QOmXITh2UhjwMd
YTLiXJfxbP,ULCa1abr9GkuOM4RbarI,OZEAP9rZW4EeWMGwBw9Ht0KwnZLT1G
80px30MUP0,ywry7MX3o5DGcJO4eqDK,p0AGnf8gBBaWaV7EUjUzRVHtLPaqsL
y9j1GARVf9,NyWO1ErJbAnbZsDxg3ZK,P2VZJrjhbmQumnwscyTBM34uTGHvXK
Fqi7IKDD7v,xE5C1miPuZ384jVvTRpH,P3MxfILl10iFQNyfm8shVTRQX2Y9H6
TcQdxqseEn,s1wwmB5ITxZeVEjLbFNy,P4IMpEFKHzj9PWjEHlYiSiVtwEfFT7
aKghcGPMGm,QEDcbL7UUdeJZSvxflCb,P5CvMFnjajRyriI7wgH2rhVKmxBVli
mvmSXJLqVs,UAgr5q2VEovAnAwbVGjC,P5I8c75QsenhlmeOW8NPt03NZ8LCIj
8IlUJlqUoV,tAgKpdfWhf5Kdv7skIeZ,p7N1115Yx7y5PhPe06a8buUpADWXP9
hoBPlklGgC,7X3QYPfKAJx2utpyI7Ah,p8olGh8Q0bnC5UQVgVfVSli6pTOuMh
LFTmc4DeOL,LWssp8kuorOVCGT7dVLs,p9Nv6VNb7lyQKOz0HvzyRLqIYRuMI8
zeXB2Tw1Cb,c3ivIcauM1vEjk28ygfg,P9Y8UJaPXq9wfjoe77hloe0SyqCKly
BTCbjWRw5s,ocaI1CWyJ5iEEvnlM3yO,PbPhKog3ui3XYxTFHFBqjhb4hQmrUc
iEouS9wAat,yh8MrUw835BoojF6vmOe,Pd7RHmpqaVuP2ZQWanCw2ywFn5mAUP
AljhnFb3SL,otLixKr3ojr05h53GmRB,pdByQhRYStYEvx7xtizIkZU9qp2fFH
nhgGhvHQFF,wkHbonB6aWwkyFu1FdfS,pDcnVO1ESTSkMFVBxj25oI1wXOv3oC
QEHdMHmPnw,jPtMNKF81kvXo16mFslo,PDhmzFTeuUvb4J5XHKoVMOJNB72jbF
Y6NYdcTJ2u,KNHyr5W3YDF97ZmvIf9K,PDTKF86On0ijIKX7M23Jp6X6GvM17p
ojfuf0ih7f,JWV51RIX4EeOrByw1LO8,peIfOacfTmB0SmcCSbJ9kSUv67nimG
nVT4beL7Be,POj1J8A4Tl9U7iZS0MgU,pgV3GdB3MamBVSHne2zELYmx2oj3uV
f7ERoY8SFm,RcRdKT9FVLMQC1j6QrPr,pGvBQ4ebHy74OtdJBNBYvTabWHdWba
NWyKXk5htQ,03AUOFf4jcdZmnDyTeJQ,PgXcKrSK5D4RmhcHSOLGTzc6pMVoAf
rqxGCLFNVq,KUm3YdH3cDbuSWHerWlt,PHF4IXbxXWjWu8SQcWfTMeyUR6Oec8
HDiktj9UkC,Ip65QFpDXj4FpnuZINuJ,phM9q0AK1WTAvFFsoFtTcNY71lEDUF
4O2n0SPJ7i,mDP2d9gRAelp2DuVXUCl,pIk1sXSvMMR8ZQ7FpJg4LLTYIW1ZOy
FLw2rcnqdd,oVyFyfdx2MLiauOl5fZP,pjI1eUb4vvuPR5Zq55IdQfHCpdZL4q
MchjY9Vrdv,UhwyOcyAfBUZaJRvAOqp,Pkd1QAsF1C9SLPxO8ilfFRmXVSnNTS
4n4x4djFKy,pcPlFr8J8uLncpBJLLOa,PKLV8PNjpQKxNIRf7s9Rh4iBYxeHFP
2F34s3EqKc,hmhoixRdXI4AvYdifot5,PKM5TdcS9M1Vk7FaNiSaqSttZ8cmDg
nuvKoXDyjj,1tiqtTroTrLKEf36zoZg,pKQWaDGcneTXyjHOxiTJLfoD9BPVot
pQMmRm66vH,lrhoka9w9tr2I4GHoXqf,Pl5vhe3hICebNIBV7mkYAjrD3mv5tN
ORtHrKOCHK,rdeZVFyneRhvK0UL2JRO,PlBTflH7lKjDeAi1E4s1mmmlC3jdfT
UcIRXl19DC,tf5HrcKFmBk30cFafvKA,PLhTGLmoRItOMdzAI7nS6MNwf5yEyC
PtoVvBPPVT,AFxcS0ryWyLt9wmv1tU4,pM7JGN8UiwWWH8zQMUSAU9ciHBkwCR
HMYZiVFkTI,XKKWtuso0xncufycyIlZ,ppCuiAkd0HqDRaCe1JTpuvBLQ2gvcb
xOZIMtgimk,cyObqKdjqafpoFfDMdst,PppAjDl7ZPhXkDXy93DKVDpuCTTTPc
dMC546F7Xq,YgFdMpgNVQv997CT3FyG,pPVeSkBoyYYTC9sKGXDs8wjxFNQZDS
xzjdKTSfNn,K4FQ1a3k3XY3QdUKMawI,PRbGIomPynF9VIFPPho9JkbRicDM4U
IcbGbDNTaD,cgE6Xy0OnWOAfsy4Hwne,pRgHwXHPYZ5g9mvR5FtRIUEdu89l4R
84QcWQVUhg,S0EHH3xQzbH3vjFdpyvm,prJfui4fcBADXhR8wfnZLZsy94gLMu
VCJFwBd1Z8,hUdV2BhgmQYomvssjt1D,ProGkApKbBk2TnRcQY5aWI3jHyKBIB
twiP90AFaE,9rvMGbHEGdw7QVfWRJqw,ps26y2FQ4qwnABIfObAdBV8Qk7Io6i
igAzfzqdlt,EMYBx1xYJ9xIvZEWD3dc,pSHtEYpHGd94ebJRMrjLQM6uYiW7r2
EDnyH7EFlb,qtYXkssUNOYcAAJMQZXr,pTfHqIniSG5FyCxkEnLs8rHmcIWI5O
NH6DVN1ocU,T52ufy13ioRjfclKOsuB,PxtH8FR0YZ5FcuDxmVhWmgVDUvmOS6
Fq87UAdo1e,B4bGGjp1BWADhFcsHvIu,pYTo6rMrQfAU9vVljBiV7d1tp8d6qw
x4AeDbv2V5,4WHC3hsXjXPfQZjTPMSd,PZS5AT3dAjAw9RfHWkRLiByU83pFal
vUvn9HdoRe,ZZvbrMS4hLDRC5iJgoKP,Q0kv9xSflV88jm77ZarQmgwuaro3gn
5CgVQ8NRRR,A6GdmtNUudn1XouSxWgs,q1IGgFgeuTNPN5YS1nysMsRPFN4eav
oHIMC3ylPA,fkWy3jJY2TF6Ao71tGgK,q61I6xhqmkqFCvuCz884Cn6rvwZWLv
j52mfndezE,MZmUwnADem83RYdztt1t,q6VtFzV5JQNT2hXhAMLRKNRhI8sfFI
mi5kwQAvR4,yLXlzvdjiOaSJxCT6tyg,qadXB1Km1A5NrQOtyHM1BwCnRoX9fx
DWiW2DHJOk,iKhJbc1bVOSSPpcQfKop,QBbWOJKV51p9H9h3IOyZfEA4REfH4X
8R7or96kPM,XI7TnaeCK3cGnEPk92Tb,qBdf8OrkSpBrkNA1Fn2An8Kj3fac9S
TQhzwmhcR7,CeAfkHJaFI4gvHGjRERF,qbKikWT7nA0ko88yVy3NDjILJy5AnE
3m5wNuIwLL,Gla2LRQWaYtgD61Vumjc,QBn2CNXTtqxYjoZrjGgbhDmpV6xc8u
LxeapAYssY,K86guhzvGuqX9PIYxyg3,qcf2ZAAQFXPj5BmEJMCC9DDKCb8S2U
NaVMRD22Si,CFOZH2ViS0XVa95b8dJ9,QchMqDZCtDuXfEygBjJ8XhtzRM4An0
vhFWPn6pj7,GQJZJLxPrGeC3mQ6Oc5S,QDXq8HByGcHZH3rSWXzcr5th6iTChg
8iBHOip7wa,vZ4Qui5hF0pVumvtyAcF,qE5VbSXo7H6OlE3kix98QeA9FOucte
8z5TLadeEJ,2OzvzMEgOxh3isCQIEWu,qEbJYcs2ZMrL1hyAKt3LDTydu3Pjah
AysQ092UJJ,3RuNFgMcBsDKgZBpcpSL,qEmFtEjN1g3esGVQb18MEoySvPv7m8
aUPKI3tJXs,ATunSXx9ILvEf12Y06t5,QerssVUamo1VSx5GBNxvUwDwOZtDAb
dgeDwmxUoO,fbBLY7QeR3OBXn7S9GDw,qFlRq6gOS9CHm3Ms0h5uDxkjaKNnnS
OfWofD5kAp,Y9gktT4rZyd6fnj4O6iR,QgpUDucoqFiu37OFYYjxd5ADuq65NQ
5Nn2ypNChw,Ur6JDBFjwBEQH1dDalq5,QgusWdRkTgQ1iYYxWeotD1omY1Ui8G
e7DKeyuLkg,OT7SnSutIIIK3IfPH084,QhlO8siFm9K4VWx1knZXSYsFqj3F6G
rRUNj4oDLn,JW9YiPFIwW518w9yFpRr,qiBpphQlWbQ6oAA6pN1Srjn8VOTjow
598ZCyopY4,SjklpwGeq264rglKQaX1,QIExKCzMNbMdgMEWn2vKoHktQqPPXV
b5dYTXwSoy,1WcK4G6ztXS1BprAnyDq,qjt2lHhupfMkZOLFPMW7BvDfWQbkFG
zX4GE6ayeh,ZLvB0m9rOerCZ3Y6L9UK,qkyrTXSkBk3TF98cDjbGMh4oSaGFVG
ZYP8uhvjEK,KiOiE72oC7GLYq0DqH68,qlN7sPCMSYjNJB0d0jOWyEIR9AmrP4
HT5mVuKPIi,ahIWnYLFaNDr5upRo1C4,QlXrN2fAk2v1JelEkNO3esomT3ZbXy
PgHgeMZ9SD,gfWHX30PZxSQX1ISA9Gz,qNOlW2chfcYqniCehGkTeaNHQn9KNl
7jVyhEHi2k,RImKvmyNJDl3E7B8kmZs,QR6OUhFLMzF9gfdXUIWBilRaaPPiwM
5xqHpzjeVI,tVHln9Lt1OoiIaeaRfC2,Qry0OIZtYM7jR7rh8EYJPdniLgcYHT
xPCktodgJd,hjGG7DjTTGCoXakDFHeS,qT3IrkTOBWlKWbry4cGWXEJLggYAml
uPS8WjwbDO,C5SYNgfDbABp1HT4qdBi,QTlCjx0JigSy70Zk09dHtbNtijqngr
uw3pKzXinY,rZuf6GrkrnUOxa3Tsf4H,qTm8kTZ8TjZHCUhh3ywZEYkLqVP6fB
fyVYtP9n7h,7vf3nL1pU4BZMgAqUDNx,qtSGrUaDM2Vh3ccFyLtqbI75xTkOY8
BISEiUWGwM,Fc6TrXaDAGb8rbp0Iieq,QTylAPk2iftFtL4Uaig8vTkuibvKpt
qjZ61bZRnr,Ki8fjCfmBQLKIJPZGqdB,qVPMEXa2Gop5VOSjp9k3plw7OctAQ9
5xjDR9GPvE,oWK7J7pP9iXqza5G5tqI,QXjpf3I3wAwtwKywLXemICnMBagKaQ
w8FifBj5ro,lJzoiCtFsPjoZHq3uhGC,QYffJ4suVwBryMTe1CgOHpjQIJvmmg
dBphqpYkQ5,9cfbVbjIWWN71p7MXyNd,QZC4buGPj7qgb4cg8svUwivyQbnuOB
fAhM6V6tt8,AHgPgJ4vTvPKrQBmvp4r,QzmM5sJOWRKJipOLltcNt3qWMgxXVn
sp0P8MYtwZ,kUsu3QJjb5MdQbWYUWCj,R1Oaj8ParGMjULtDNhCH9mOToXYYPI
9v6VriBZr4,VicUbpdcNY3KF2WI5eq9,r4osMF78Pt3vF6UOzzqmd46kLKuqqK
1dQrf29QN7,alxul1Vnf4sjQirm5LCE,R6sgG7ggV0S4WLkoXRpNLCV2Ott7AF
0qnnMlujiu,CEnLFeYL2uWGsiVUNoly,R7jaSaqtGBQ5aHlWIDZRa4AEOKorq7
w8HgulGvsq,wzyelAS9yDxr2OfLCLzc,R8GV5cONwFZndH1DcstA8vOW6bGGnP
TbJPstNDOj,JFWTw2VZxkKHngpCCFzG,R8JaVxqPZ6XpgQvp9Pmtku1t1lbzNw
oBOObhbqWI,5kcReSPOv9WIY7tboaHq,r8N1OFyqEL8nQ4PFni4PN7JvO7VG12
HfUmeKANjM,hCgQWsM2xQSSJwbqfrIL,RBoTQy1ZFiAWYI9RxsV4qvmmdydV7m
jlJvFmYhd6,8boX8nBOWsa6a9mGv3sC,rco3fZSJwP9TuihpcbfonMPaXYc4vY
rIW9KYxqXs,vPCTvGQhSCvMX4hmPfKe,rd77G05Ze5IDVTJ8XjLzDGuSDaAAKH
JI4O7cFJnI,g3vwo7huPXFQwtdrEp63,RdcWycji9DeiKVn3RxF7TKThdqylJB
pabf6579WR,PkrwVmhzqOdZZDWkLwKH,rdvbvzYxkES0iK2za69V1w5OQwMPkU
1YGwwbrSeN,FPXsfmdU6da6ai9ySEEL,REK9ZRGRCDnGQxzyPiw8bIPC1NXjza
1hghU2illH,AG4yIdupBXhjTrWGanMQ,rExD4LAtv5oaMXsKElOwRittODKdlG
G8A21E5fT0,BksYoVLCIUiom418xZpV,rgGtz9JFLSkjKaF7G1YeBtDOUX3bTE
CGwtDO3FTF,ECgPLyIGYkNctwGxwLRW,RGjQYMWfy1xQnlZXt2eBI8jfRu86o8
WoR2ST9xf4,H51KH71ufmYDSnr274mn,rgSp6OZFkVCbY4Js0hOxXymDzrHwJi
FFrUD3Z0Tm,C7iA6FNcrq6PKtUgy8uU,RGWp8DbL5PaVbMG8TvZDw5KxnU2eXG
J49JDjhxHy,3B4fHgdyWLHTfp8c1mOa,rHaUffxKqbtVFMxYtFbGLTJ8e59L5F
xIWxzVFm11,tWovahXc65HVaEe2PWwW,riwSsYrqIM8uUwffRPsUKRoGP8C1e6
wZBJELdO8p,eugIvCsZFdybHSj8nWJb,RKnulgNnfdlcZL7OxIvIXDxWQRprgZ
p7O0FSmVoV,gDLZBL5OFoNFy0oEEjaF,rLdRIDdjKnsLLdgtrsWwG1D0x98gLS
sFIdqYWkzb,j6fNmdc1JHdlfHI2KYuU,RlXGMuF9C5livZ3K81GyN2kPWwXuUp
1Z8IalVu6Z,9QxVRwGOVqyVjNcMV87Y,RlY7DTFns4SsechTHpu3wiTArKYtvc
H5d4Mvrcx9,CNhmTYL6aa4SssM1cq1z,rM8wKIcISGGRaI7IFMKYXDjZlFhTlG
tXV8Glswr6,qhNrg7r1bQgBQHWYsArN,RN878hEE5xO9VuxhUBxgYFGKAEwaOS
ThceyEWSX6,ZS6DkKLJKSDKAFg8rdOq,RpTvGatXTb1IXInMygbVrraF9sKti9
M1xPOKJLLY,VaORh69R4xfCYuyQFdR5,rRGaaBE8Hgf8L3J15fw4bxFqJVOmp6
QMUTtFc1Mu,aquqdson2VkokfjjlqbN,rSJ5aAPB4ox8jXVq9a95j6rdee5Rgk
nxcTN0hIeR,n4IiaquomAaEDvgq7B01,rSSjr1UlEqmlCWS4Rxi2A1innAdpDv
BFhJd6Obl9,xWu97XJ9bbQTDeYroapI,Rswdldo2rXfOrqmZvySJ9LsMnVDOeD
JeuOYvtXhr,3bm4GJ6T487lQwWrxECt,Rt3Aqu5E6LtUDdbT2cSdHM3kxvBQCp
R18JUm94Xb,L51SOjRAjQFZ26LH4U9Z,RTOE2nKJGalddX6mKKjtpUyQVtPLRF
zDnaeRxA7r,U3971tfHa72BitUFgcek,RuCAQ1YQM3hfDLRE6yGLk8thkdVtgG
yAYHqbqM4y,Q9d9YXxNuWJmlCKlBvcO,RuT16qUNtRdoUX7rJ68tYdcTKmHQQx
S1KJLhnEa7,treIMk97x0phrcrp5PNN,RWCOB9ZQwcsjmBFHwdV7az5jbUCAPi
tLjMtDeBpm,TGLgVv6tfa4jJFmXgyQx,RWnvqxcdMJsDLHnvkOFLsxZ4T8Hryb
2EaJHamvLx,ooOhpyo0n6WYYNon2G6w,rYbmQvDY4bmxbAjqCz7mXZeLKk4YAp
M1nYpOO2a8,5dukKYJTSKYxn93Q9uCD,RyVOl7QpR6uZDcHxewvQ5SXoupELWy
PU4Fb38M2e,1MAhnw0N1mpR9dZTDQwK,rZDj6OHFhu1B0THl5RZAmnmOLxH4Nj
TaZlqOd5Tm,PDZDdMKy42AqHCvIEQjj,rZxfLJC9Vtf2ATt5hIGXuZli252ras
GUjPs2Tvye,6TCxeTWmudca4rKnZTkx,s24Gx2ijGGow0Sn1Y7kW40hXsrjrQj
zYhS4iuhxE,9Z2AhicTK9RpkWDSOOMy,S2bpa1h9rLJJ9JYdiMBODdcn94WbqH
tpIFgWPy9O,m5Jd3WAxV2zWX76LguaN,s3i6uiuo06Db8V1YLQol6pk8igqnIU
Ct4XYWFblr,p2RpadJcLTHHrL1BYck1,s3TBRmW9fi2d2hYjJiZktLBj3eIssD
NU57Kh5PJ2,n66bMcpFQMSk8zRokV9M,s6eM3tQHIFogs3MsqtGyDdwgpAnmiX
Uo3TxmMD92,s2eQaQlMlqpXzY6ux8tz,s7yVMShcar342OYyfZmFwl5gmSfAS7
4vqYI6rvfZ,8zNLuOxj1QFxTMnZhNMO,s86uty3NlOVWUnAi3Ta65e9B1TnCTb
fkntVCSoP4,GAQ5mrkdjGWlcBE3hHWy,s8cmJeg6SUK2FSjDBVPN4zKKpMCxIH
xSekP1o2W1,kjHTMjPpt89Hy6WF93ew,S92bwvKvFFB6DlbzvCxx0qf5Qu5qr5
4KbHyFbGqM,ESrwUHYNNsJLYuD0yGhd,S941L8FB7AGyn5yqljK16ZcHsT5liu
OGKQLxNkwY,vuomUJTbKU73kbOFryUE,S9b567fgGkAZiCDt1Q83mob9AKQ2TV
vW2YrUeMx1,h8ZVoME5BgHZM5wIpIgI,S9pNxoOnGKwdKekMxKCxwPOSNTX8p8
2Q9KOb2GrZ,XbDZQJ7YittBFQ7fwKvJ,SAs1NYdfYRMlZIbojQ6w7dp9DohZMp
z6dI7w0Jop,q1ruFsQQsONXR7W6Ujh2,ScKvvQiFaLhQjTwtmxpLSZJgZNa7uo
ZYtlxX0VHW,lQg25Y8DDFb6OqLLkYRL,scSwZ2LoJIdcIlvcAvm5JpIdIWlNHV
39CyEpHLc4,xTZbNEkJQs5tcwliXOMt,sGFuR1kMS7FhigAHARcPTTFUdub9HW
ji9B95lbun,khCH4x2e4HT2ofDtljqk,sHF6NsCUEelrncQqcQomObt62G7nh1
rx8McAAfBm,aH4PeiEBuRAmGW52D1Ut,ShjHpDpj1DlZehw7eIPxy6UyfhJrM6
K5lgm2Rjvu,Mq67anLlIiuk7NSFZlRN,SJ4hYU30ZVEolcuZK9MMtPIeKAR1Oa
tnvcOWs9od,82sNjo3fYhb4PkvIWXUC,Sli7RpQuQvCs3HTYeTiufBj6vlzTKp
eHxCjXmn0z,1OsJflgIBelq1W6eYJRs,SLM1GlJFvuC47bSI99rX2auPQfoMLZ
RJzgfcdvuP,60Tsw12a1qOv9q9YFaGU,sMMKBOrUFsTRyigGnPpfHxracMsgWr
yje2utiGOi,skG1x4MXUQGh6bSN3XCm,SN5BCVxoRQH712p5j8c3BfTF7669Mw
mKAWJdru9R,zdT7hsmPfFf9R817pm61,sodBYr8GxiMz6Yk52zYJOxeBUksSSA
3b5KmBfLn1,x6lIfQtdm69vvgWgmers,sPdIFQwAwKx07S4KArWZiysRm5qtMT
tPKyIU31vt,5v9bMGqgYsmeNj9GbQ0p,SPuawcj7ZDcokqDrX9jMbsVN3DQtRR
O1dkpdND9E,LVLUwCT5XhG4aOJAFpYj,Sqpk398rPaD6yylpao32EGsGEuU4G5
H7Na3eq61E,ev5NyOB5K894sdpD4VCG,SRtN2RhbZu042yO2u9ets1G2KmyPwt
B5yhCVeatx,8MadgPEbfvQG8wJCWNkE,SRuGxpsVGPXZasAvN5RELlLmOOGrXs
poaBpDCGMD,3nAMTsbAG37AjFwFiDvn,SSAELTl9LbSyHFYoP9kn1fUVhdWKiK
pUM85ML3v6,djPIdmnfLA1Gt8ij91e2,ST46hcrmKOgAeQZroAGasSLDDs5iTO
UrO8GlLn3l,EoT1adrwLszm6JeUMWax,STBkW71JbqmyZsNJcOiCGsgMhrITJb
oYnD9XXu36,WJv3dDF8kl9mYinJwSnb,suvBgbYtOcnqYKoHj7xGfDIQ9w0Fln
lqFNc7itS8,To0teU7K2ZCIw8xK2kVu,SyzH5khLua7vaxR3blDFjj25HqMuhP
2hJGGJqlia,rJxdi7AwFbncpiVWgaZQ,SZUVQHg1ObQUZNwYXNlnhv5CKbXJDE
mEnQLCOmzk,Lb1Ngm7WKjXLYjPhA8UW,szUYpVtcSTFpDZLAAvF2INqovmC3xM
3hYd6OWe7W,nrZAy4FkCbYU2qm11ZWm,T0yPxZeYdWk9DvfbwbsYDkjn6Ni5Rx
Cmv62YT0PV,CDfz0AeRKoRocePrGm3W,T24edrM4VIhLqktMPjEcWWXjD1LN8P
lgA9wEpBx8,SqxmlRc1U23uTLX7Tsow,t5liYBrN7gdMt6kvKA1wzLH9RiQYGC
punWZR0dQY,lOX2uLtwLU1hQwNaUcKH,t787RCnKVZBhxU12vcL1opN4L1s84C
Kq2RAfTehR,c34L6XvbXy4jBP1uEU92,t7zwBZt44M9aaWqxMu6W7V90nNEFjX
ub3IF41Ujq,OBUHzqlMV2m3Nzo1lE3k,T9Ggo2u2InlSWIvETumn6ReuFwdJBU
W7PiKkx4eI,Ms95Sh2oe2WEGHEi8f4y,TahjlJPPQGkXmCfHgfcu8YPBzMXLQa
qCZJWNKdh4,IowUAk5P7XFEtOV3TvWf,TaOTrpjS21qVCiWbcW6K7EHLu8Hca2
cIheCSVlYd,W5UoSnUI6gN561nZupKi,TDJ4x59DcvcJPwQDzD4yowmUmxcdsM
KLjL1jG7yQ,fO2J01bSGnocPhHSI1mb,tEwaSVekK0RTXSUZw9NaBrks8iWx8P
S7sxe11PZE,W69FgBgxAMCTo9BDxb46,ThOfLIlH5iTVkZyupPL0iXK3pOiIgc
5ZGPUJ6uc7,7iSYSVf7UCwGjzcpXxGE,TL0nBerbs5jGzerdhWR3CETafBBajJ
lNGYfuHjQX,yVzUpV4VJNkn73LktkUP,TlDoqwcTnze49aDVpbi5QhKB17t72U
jhmNoxZT5L,t38FymfPiryHJ1rbNKnW,TmU5IUgc2IXnjW1aS62O7lm1pbG5Bu
VzY6g3bsse,o9HGjYCkubl4JSI1pShr,to95ITiij89In7wtbBOrePZX2wbhUn
dQaYACC4Bx,LsvJBwkvHOCf0Rz1wBmy,toR2T2gXu8AaRbQ8l5jfk8jjmeflIT
Y3NFtRse0k,mQ3lU9bBWcckT9fuMe5o,TpWCd3gM8U5Zy4ozKAHoqhXked3xIL
32zumORO6A,iL59sBhpuxywKT6qVZlZ,TQNUSj5Fz5whaa35bhYkwGAMfFNasL
hhevRhNaat,mGabNrXaxPLvXULDXE7t,tsmSrdAD3FXOAhLlddjMn7KmfscylG
b68JAax1qJ,I9fiYvYBLforyplQc9x5,tsxbLuMj6Fe3hk5h0xwTL1HNVBwHsC
w8Br83vwQ1,qmTlmMJeVe5XjNikhZSQ,ttDmmx4V1reFHNbisdPCueuCva6p9m
1PKkGr5aRg,wGBMjxL4KVqML5HryFlk,TwcK8WYUj2vGtBY6dPnuFKRgJu6hL2
Za2OtN1k78,ESnrEj7TSbObVlcXW8bc,TXOg8SvFQ5FW46WhtLJ8FIekgVOnrO
TBWPAQ9784,83HjkiYaDjZ2IRsoMm6R,TXRAUeBsZnCnomcl03rXyUxGTBruX1
eOqoizqhHF,JzcjOSubknfqRGOHR9hz,TyhjUealPqM3SCDR1KpxZRYIqdXugM
wgJ0hpKff2,NFYwtSgFcCtyDtpbfbVU,tyNprFoQsFUGQQ9y6XYjjmbYOUiKXC
3bKElrZuRo,bpyHjTd8ZdPkllBtxpMx,TZ7rIns5MGTIgt1VirDPD9OxfHb8y2
agnZStMtaI,5hkqIPJgmqz9eXhNd96N,TZOhLGq9jDd4APjstpySj2ITjQaknB
pLu1NV9U3L,EQRKhId9CZPNv8rBfASa,U5Q412lKXnDSThQ9ODLCU9w94k88kQ
tj0S7tFMKb,0B2jWkF6qyXqstBOTgSU,u74OMYKIiyw6MTSKBs8nF8ZcyUxCJC
n2ZGiixjXc,CxQ0EoF0ONTxgzdhSH4B,u7rxQpvnxRM78WoTpe4StGQFvQt3wh
b71K8SUEaC,Btv5eEdXu4Ct9P1NXW3h,U8RQOkl9NvtUQm99QByFN6CwGBHgn1
dLb3sk2Hzq,8mPptDvwEggDKZIEbneP,U8RSFPZmFcMZxhqrKKgZoS9P1lEswo
VhA5soYkiD,sXRJMn3enYXEXr7FwaMb,U9JYf41WbP1pX8MbYp67cZQahNtu4E
KB5BiO3Pf4,f2Onqb92eyonSnp4qobu,Uc8lh76ccSXfyydw1I1pnLgi6qpNUH
1xiLK2gBxp,20CUegoTVhcy8VcZoC0j,ucZaHKBBMnajbFtzZiV0lmgUDHGinQ
Ax6pLccCDE,FMf74vobNs7CpdhFWPYi,uFvKb4F1qZgAMKGhWEebveg2rZby7W
bjPx1FI4jU,ta33E1tsCumn9Hqespg8,uFyDBGODlh4s2kbVIJ8OqtfPVC791a
ixpywkBZjn,gxRjE4g5Q8KdTbtBrQ92,ug86Opv4QFaRQqTPPgyw6u9QIcjalF
7prVFIPI4x,wU4p0upBvI3QOkDk2F3H,uGOCg6CAmLo3J9JGIa6AJdaCVjsFgn
WCY0MbwhsX,no4nCJo6L9TraGjuFhqx,uh83BNWYvukQnnPMbuHJg5o3GfeXi4
cmKTKmqspB,6qlDNCMVjwV1onz7UHPB,uHMeEhTBRZljEABrjEJxXMbt5KZTcn
FwbCatZ28t,RNqEaSrhjYEE4QPICnhE,uiAZuwpCu8uTQi3cNOZaApW6MnBWBK
cjQSTYUKKY,gc3KWts3vFStu5nqaF1N,UJ6H6Sw406RoDjy1wisMW5L8wWTmFK
E2PQ3J8BNa,jeZPhHpeKKb3QPW54N9x,uJrPDuCIwdA42989vcedXauoYxrBiJ
DKbSXnDWwM,oEGbcwn7KoEM06UuJ0Mv,uLgIdqonbkdOZ3HSVc9JOJR24csRAk
9B6jeijMSC,ulBKuY19A15QMZGl5P56,Uo92fJmX8EfQ8URyvBXKxR9Lgsm9p7
tuSYuocxbQ,5n3EYl1WDXWjihDCJYuw,uodbwZZwQOTQqhrmyQKGln4NxDl3Ua
DOW3LFLFY9,V4rnjBWOs2AxHARPGEgx,UODfFyOT9hwjhXlYeEG3tRYeC3JZWp
knUHjnYo17,WBF23iIWsnNpZgLLcfLH,UQERMZYhoWo8FlSgVw64QTpEMcfalX
V2Gh8d4PLX,v9VtFZ6mXnZCUi7RCrXG,uQRgy5qJ8MsKGWtEitUShR3EyLd1YM
TGpwSVOSln,svsWrCOlVafgaGCnOfIG,ur13FUmMiHE8OhxSzXqNj2ky4Y4uob
ArFUrYnSRG,EjsxMVL3JHPB5ty6rVSq,usk2DYA4YXmaqGakEwtV0s2tk47YVx
EQwNDfZC1E,nUzjrLt9ksDhQoJppHSY,UsLWf3BRduVSRCHpxm1gdDLCTmQk54
CGYcLeolJj,CQitewUADByFRbNId8ha,uTHr7UqWdX2NY09Ty8pgCP9nd2Lck6
eGpLAB7qby,KJNHXfQA3cGXIYmdgGq1,UV445PmfSmfVLUozniDy2JtCblLcJ7
cTIlw286dg,FgmqPVPCkfwigFCW23ut,UvtkqQsmAt2h5n1FLX43FDr4dPcD3t
nuvQ9qNlvu,5UBiKGaLMWLWTfNuPOk7,uVWgK00BpkLw5TzTdRvcVlyylhJ8hX
CpZtgDGE6x,cbuCxM2ZoHD2O7g59Kz2,UwiwyeeukdRORl9UGQ8qV2y3CqWCxn
wZYToVG2rt,Nt4cWuJ43dOA9OGbQqGq,uWsFTyPBdnI2sIEjeenzxVq2qtWj6B
9Um8LZkMlf,U4gVGUXhOhjHHaIoPoGS,UXvbUqQrXXX77qQVXMRZrxKrD8Hrlv
idEqJfILJu,YEI2LGT4kQMnuYZZLxKq,uZBjN2ha9C1hrHNLfcGUSlYLc1bkGT
O8OmLHhJrw,f0yzQ6cL4bhaS9syYOHF,uZTycKTAZOfI1ft7d7CsG8O9GIK5Om
NVlGkT5tfq,jyxZKfaTJd90qFd5ZdKZ,V1BVqjGwfVLGlQn8u1pg18FdMGusFe
5qFvx11nDx,MySKoIvcibjESgPPps76,v1LvbbKi1iA5biylvlGWU2xaYokn1l
UCTeKtXXFO,sWPa8i3I4j0nLj4ttHr5,V2EOvSJXLZkFdzYQtqe7BZSdjjaKRq
a92epA626b,gEVPx5M3OvrXjbAQBql8,V2RGy7hrAGcZMmd3OWG67F1hP5qAa2
zxir4hEQYv,XD27UlUnyNwJ3PHh7IuT,V4MssEhGwj1H146EXulKCK8xAFFq2K
vmuNGnx1iB,7xjCk5aGuuUV9TsNS6N9,V5CkAjsret8Q82p5kuYod39vdP2MYZ
xu1tJRdPVf,e1M5R5p9mBZ9szoIo6Ok,v6lkdQLp74wPQF45Oa3MJywjDqsBQ3
DfdOTOK3WC,VwU1FMoWfMBgRyG6wjiD,V91gmjA0cqjNjCy8FOkwHIs5pfymPX
KvDyyzucy6,ZW4F0XwkHdQKJMUQYg52,vaIBuI92oEKZBXoStm6fUQPoyF7mxI
ayKv5EYFlJ,lk6WgoodMBVhch9HGsNE,vAoewCoPgr4EJtNFL6af8AuXVBD2go
gPGRqcTnfB,WnUoe5iTUook2EvyvbDS,vcluqtlon254SdlXFDsOssPigfHsSy
DF0QRm91wx,FRF1cb2FKnIWzfg9V4JZ,VDzEP9MRxFBqMR3tgU6ONGT37E3KBz
HQHhKZRHXq,lb8V39PgP26TWrDZDBgO,vEuevRxyicouJdafdSYMgTLoyY4div
pBvLIIwaVL,6ZkOw8ermM9JejbMhIls,vGkaFSp5Pwrhw3v4kWh9KL64F7KJQg
wSOwgfkfv7,OyLNxdZ7Y3FTzZ4gAOTw,vgz4WKuiXU853dhktglWeaWUFVS065
zDO7bpYjCK,WvvLL1jvQIJsXt0Wxpzk,vHrqdT7O1YVuodoaR5HIbkrMaTaqM2
WSkWKxZxy9,nm5m5tGtM6T9RGYDsG3c,ViA5ZLo33N7GNiNYvnvQceRqgcZSAS
WqSDFUQl1d,sFzandOOZR69cx98DLP6,ViioIJGe9IjA8Kn84AoKG8YwfUVHp1
Tt2HVeDNUi,IoAUA285Kx3JnWg7Zkd4,vIVgFNNTNfgDOYCDmEW5rjL13HTnQZ
XGV1Q37kCD,vIV7YLl9aVfIDoBy9tLR,vKPLTWieEpUIQNDuA3AJBmvpBUDgNA
VVyfDPgnas,ZNjIQGRFWbZFpzHvKO0l,vlMJSoD6BZachrEredC43Y2rccgZHV
GD2pJBXDcw,0dFLmW37be3sC51UvHKg,VLNXRCh7eVB8xberwxlKmLisaUtUrV
XW6qit0SFk,LPc6eCU79cLGGtWFhcCJ,vLwEYDGHsCrmN9yOUMW9jLOEacrVue
2imPA1w88W,bppat8wyLQ3Ir3xwZL5G,vm36x6yFFnQPnTep5IQBKpTtnip3td
AF2eC9UutG,QRB21OS3UWpPNVxe73Bt,VMr0HybAZTXlRInF7AbWSIQL3wPDTg
dd6doYgGSD,ZA5lf6MC8bFokdFNCJO0,vNr9fIIn9Cxmg4OGM4FvKkoGsGVDc6
HEtWgdD9dE,7ej0SHU6btTqm8bDR8Ks,voik5wwCj4J1t4s4aJkRjwf9gCJJws
bhnGTRRhQP,sxrIHyFJmytgdhRkF1eh,vQZRMKJxnVeOyu6M4sn4OLy2vsfDtU
SjGeZGPdZi,OPB9LmEL9jPska1ARWxc,VrMHQdK55BDuTiuTpd9yfzH4Q9KnZF
1ZsUHmthkM,ZTxEF94qNJCnfZTDmmXy,VtgeErAJNH7GFrn5yrq9ZeKhYGbgyZ
Vy3mGppCK4,uQgIj9EHYluMi3U1f0eR,vTJVGewbp6K19pGo9yOL4Ttx9RJa5t
BiGHfSGdPb,fSqKmE8xTYzskHAf2HBd,vussl9x1LU4p4XhswAl3ryWKNhok2i
islW926qSr,fZcpsgPfkFKCSyioZSxr,VvxuukM3IMDiAXJOu4tVE1KpqAP23e
FgfnVrT19B,VmdAShH4lwLhZaIgRr5w,VWMCVxaBWNqiV7VxQpW0spYHZQG4LE
tKVnydbNpW,WDBHJrRuNQgmexnG2K8v,vxt9WHHMfy4OhIfTt95J8hF5TVfeW2
7tRPJnaUud,LGxX6BBuFWLZOzm286cg,VyDsi69DFRxvkulatf5MY6LnvQS6iC
9QAtY2sPCj,9rhwSX8GQAiwBjK1HpPn,VZ1R5f7KhI18yEOnPJAHOUOWzdTFFw
7k7QOHd6aO,j1HhGZzSic0tSuNJHBgT,W7pOsRRGsbutPpus8LNb6sqqKfXwL3
Kjyi4etLSW,wOgJTANbTqgQ1jpKuBQm,W9xbKrCag9UsxkDkSmjo85DS8wCyWw
UhV4QSFVZs,6Aeif2dLoIiQBBBsWAYu,WAw2l37e72cw6aQJZ3FsmrsHJ4X4AF
QCkcDvsEIy,pZhQvkt55GBAYNczlv9S,Wc5EhyDBpy1MAvOfOXy9gDGJoqfG3Q
WSnBWrg74e,1ZHBujB5kvl8krl4LAvX,Wcqdc8jwPB4NhB1TBviZxLP7bX2dVs
BqSAEVW1XW,VN8ExPY4OpkdEPJ1h6zq,wcxSSskC49aTB5hBhllriAyaNYUqXo
NsOEhivfj8,nW4v3HQYMhVFnjfeeLdR,WfBpQWvEcwKXOHkpNYiYWkUwWndFq9
fLXyMJ8uv3,ONjcnvpbZ6fgUDVOwfpn,wGhDgTo5fZKZl5dFbrakiKphYswjoC
b2MuOlbi8h,Ga8Uyd3yfeJzjOKyl1v7,whvr1IGueJ6FI2RTmGxbb1xi9aDcdL
gusbilnImf,o0fLgmIl2xRYfprIvBgj,wiQUbN3ZEqp31vpXMxscVg3djTLSrp
W81E1w8BXV,WHagSG5X10OlZEUCHS5E,WjcrJyhvpREi4nDbvGJO0oNcaw7lWe
W4shrGufLC,PoLQ7ZKWLaInAWp8Lj5y,WjCRWvK1I5DUHL5Cb8ysQgDub2g60J
kKrLIfeCM1,MVRtdWLQwsU9uheQDELL,wJNkxrcvl9I384PHS8xTaoCpQeJB4T
FNeW8cheIP,hbLWnM2VXTv1LwX0AtFW,WkEpammhzuafQtpJ9Vc7A3EAu410Kq
qrtv4g4WK0,ii42nmCNVxt0I3nE2dgH,wlmwruuBGQC3Fgqrl0fiq7vYOjAocC
nTtD6dFYcW,k2PyN9MxCfPx9IY7m08y,wMNEQE4YJ6BAJ3c55HpYpDgp9X1mMg
ankNSb1Xf7,Lrq16XtqGUwDfvF5jV5e,WMRjKhALlJgyokLIMbVxh2Zr6VF48p
kyaBX2wAsu,mSL4N1BxEqSMITaSUX2a,wnvoo6sESstEuD3Vlk8XpFwNJDkjbp
1LPxeDTfIQ,C5lqdB71B1SlZZa6sBxG,WovNfAWxbhVcduU0FIckAwPi7h719E
5rCcObbC2c,CEPEP1PkHKSkWjxTssVf,WP8NoFAI33sbsLyPg6qCln5nsYHKIG
WG6nBVjONq,gfUoaJwPoecBuA8j3zhS,wPyL5ljWe3ShrxZgCs3X6gkcnB7g41
YbX4wkqRIt,k8oMs9j92RqJLLIEHAim,WqehZjGpl2cwxOnmfOxDjbw96noXUk
YXLHDq2i87,D2N3uGuDCK8v9hJpuWRd,WRpjfrEdn3cVOyrO2vN8FQRC6CdOCi
1RNDyCs7Lu,Tlk4pv3JGNYQFbTm2FoS,WRsvoHQr8GGJ4gs9d90SFXQpRuY73D
1R6KstT2dy,ZW595wKoUHxSEaVjOz2U,wSgv2JNvmI32TfGjbSDvedDCD1ihni
fjudQV11Wk,kcQMrQNQqGDtRMhKs3Wk,wTbtoGwkdXlpeCG1k9zHBQuMMgc1i1
ifM0sZK4Wn,FBuJywS3GFe5vTYDTYmr,wtMA6pYpPXOa8G9itH9wVVTm3nCUfu
JLkAdftMuA,5nDDeQapwtle7aF1IgYL,wUnIsNu5WzOLoNbdUGeyME6BZe1gGH
fvppTBFpbd,C0ygWYJ7Rxzg3bes4w64,WWZSeJjgvWKvS9hvVjKIosBWekRqHp
T63cyVxiOV,lE3HCAGO4B6hIOfyWMKA,x0HHbkFoa9oWb4lxQpPNG5YPOSPSIS
pp6vLXoWS1,BfvV8j17OVRlZf9MlHck,X22lU2OZMd3VlzoMWAruhPrwf9OtIo
nsVrF7bRmU,YyvGXMNHUn4UZS7dzM0Q,X4i7Y9jFPeRmWC8GcgvyyFoCxvUrwH
DmTJP9V7Fl,lMFRksraQNrehkMzhHEZ,X7Xfx5riXKLOl1KyoOneAHLYTvxsug
6qJ4w7N6ch,bpVKXk1B4quVqsqOY5C7,xAUnkFVHjmNnQ5gJtFPZEaJASDYZlP
YDEkTFSX1T,966ItYbNZi6uWbZxEJdB,xbhw0jcFgb5lNaIIAwPSrxNn0oqE9a
qWchwJgGHD,i1nmMrNpbVwuarC9i3iw,xbv4b6bg72oHRQDIBj4YHIGZm6fy2X
MJp11njg1s,IBcT6xOIDq4CoHmbJpv6,xc6I4MpXnBfEgv4n7hodPKAfXFZ8Hl
Bcz6ugZrUr,Fkm96lSdhfoMgfHsWLSp,xCaThxGm7YOW90jqpg80dsYGbVWFu6
A9BUYqFyUt,H3YW4snwVqhe6UxHgUiV,XCcy7iLJb249HARm96XAywFUFv0bJs
jBMNjeVwCi,sVoTOB7xSTc3qKU8GlEi,xciHJ6TJfyTympIjk6k4sbJYHoAAPu
DAmOjPLXaY,NxYRDBtMMhkncloZ97LX,xcnnB7Q9NMTmDxZlIvwMk4tqasSvGa
3Ebpxi1GPa,RoxXx9HQL9ogsBvhISIR,xCzxhiL8nTess2AqAZ2A1P2MRKAagc
RTd7gLb3h7,oPXJu5obFYqJJm7Wiyn6,XDXW5DwMfAoyFSG2nno1V673qq93Tz
egkYyOPSsB,Io5TQuMTTXKuUEFMIN55,xe28OEwGht3qjTNEveCSsKeIoKGDNU
pbPae6DLpH,scuOQcdtlnnnVCEdIqxu,xFKV2WwAsHIquiceuB8jWd3xXmgBcW
UE8cXHq9Y3,QQTTsM7M4s7qGXYr7345,XhQNvF82mIBW8uavp26miqLNShna9t
78h2pWmqMH,XaLSdv46saczRxCfZC4R,XhvRLEPeDdeg5IVsAOaiqgdaWp9UXl
IPUD5HGFYB,s33Q5vp3HBmra7rxB5K8,XiCtiJYQ2y89yGJA4hphac6QDp7f1c
M7JqltmtVY,jS5oHIsr7PKagbvSwYde,XIohuZNMRIFwJhRRE1Yg9p5ZGTuMC8
4okI0eyitf,jSFMKOJ13uChIXWSkrD1,xjnmh6TUScrWNkma9nYYXD59yld4BG
oZWZZdicM3,KcNZSePUQSzD2t41oPL8,xK1uNPBR8UJUM0rjktJjlsQspwoKxN
oUwijsjrgY,9TQMI5izu1a9dYhaFBsD,XKMfMRy89HHKLyED8tryfv4GG8dcKd
9TArv4ULCf,sazlSiJxBBehAKqAMMei,Xnn6mNYkN2XXtpRCQByLM9Mlj5pusB
fykirum2x3,BrnaSZ9wA5ky3Jx3boan,XNXtmGSM1HhtvEBqguXMU3rurw1W0R
WEQIVgKKS0,VW6ss1hOaEglrpmZ4o5q,xP3ypHSn7SR75hqvxkEoMkuZHNyaho
Lt89s71uUe,wJeC1E89VmjReSaHqFlZ,xpHhmYb23YZxJ8PgXZ1Lw23TXwWD4G
6EE1eqSCad,gWRXExDTNo1Cpn6BC5o2,XPkdc813Kl2S3wfgn3PTT5QPs8GvSp
pH0VpW9f9n,WfDyW8f0gDJRWnVYf3Gu,xrXbSCERmWCypdnNfmSvm7cYN9WyUa
HdvnJoXNts,wpxXdjjlP041NXXEw2TF,xS9TinIvAvrcgKPpa3rv3dvESFO5uS
JJf3EUH9g9,HOtMNE4A8yWSxuvy5chH,xsuPyErD6aP56Fc9ckE1bBShPJUz2P
KbcvOcQZA4,cPQnuzdCBI3qIMLih41y,XT29kOC0JpOnkeSYvIycq168Jtjd3n
ukYcoErsrS,ETvfbkvl4NXonQG7ScjB,XtcmlLwWLYqJ3gqvQwyC96S6rYN7e1
M8uJc0xmMX,azONIF6PvCLwynMANazS,xTeNJyFjNVxsNApcYbitSD02BxdkVT
sS0gIU66IS,0JsHaHhb4R3LF2UHXwrE,xtq3USBBXht3NRlSm9psorZhnoU4pM
XrNBZsQre9,HwqO36opNkuNDSVOzOgq,xuMrKgugjhPkjiwKj9MQSG7kxIYY7S
GEFXtfGgtu,PuYx53zXzXRJVgTVaQ4W,xV6cZJMxSAJjZBwmVWIpQqESPXZiGk
0W9crfBqEo,DA7tMO4Px2xEGWnwFM2V,Y0TKmzel8MUrXy3KePJt1mPCinatFY
Ua4Ec5YWra,ub9VVhaFoc6oghH5nOo0,Y1RCYDILFBrWDJIJxEVi1wZZyC8gGD
ZrooJoVBDf,YnNqEzlLo9jorAg99WFZ,Y5fSOfeuZ6rltmsZVhHWFYLYwxfWg5
hq1lU9Apmb,jfqvQoohJN2YKLBR8dVO,Y8NOh6Qm4HgBkJ4c3f1KGLtK6EIMoC
PvpbpfoKdx,Xrxa2M6byOkgRROvuSD4,y8tyiAHYBGbLiQ8AmSMAhfbN0eA6I9
e89j0FtZUd,YJqkXVyTFbIb6qcIBukV,yarRYlug8kUBMrWH2JwAgAGg1yYpyH
K6MFeeCse7,flRDv4hMN6GEIDfjfwYJ,Yax3tJJ5MXsFXTZtgqB8BzbNDDwQ5E
62nZlXez4Y,WKtvPB3nVJTZNbF2ITvX,YBayLE3zTXwTXRJq85GPnGBSsMOHQ5
dP5xT1KLAI,RN2qW6ZDVelsWuH7vSDu,yBZZfRw3OVbKWxEJurqvXbCPL8KVIn
ABX7VCTJ3s,ckciCBLoVgrTLbx20BO5,YEzjdc63q6HFUHBIFijCuvNcnn0tX5
vQiIkuAO5v,qP9purrJK4qL6R00HJlc,YFRyx1XpcTJKYHwHhK5cdylQTkcgo7
UyoVay7m5k,piJ4FoH21u79cADVZ3EO,YFZGqfKr1cIFbLuaPf67rEcaxcEFvi
ow7uHjg6Mb,FyX4kTJni6Kyy7L93iYc,Yg8d6UmtxIOjAtauFdnyLWXWfRpfuc
ijxxy5IAg4,5U49c0FQPuiHMSY3THvv,YgcJVE1rJo1SRRndyTLqOIpobV82it
B1tK156QNS,kSEm9L8HIZaXuEDSZB8s,YHj74ZqjlhedggmdpOWulOhCR3l1Sa
mHiRuY2bXF,deu5hrOe7oYm9BLjoInd,YKBo2CH3D7upH6lW4JGHh4vQpkOXoD
aRIXWoMiBu,ZNRzeCTHXMWtbuRyf3MB,YLQEvx1kUbEDv7MDpKPdgerWpzyVfd
JssVS8Iwnv,oYMXSj8Ant3YZ9T8LVrB,ymEXDJQgRSvxhdmN9R9ElqYRxOp2CU
nfX0ouU3Ws,FrogVcrDuLmGtqpw6mcn,ymUtORBhly2iBxOZ1TGMer302Jkss3
XYIQbbFpas,HEtZmOr1tV4SA28xeA6M,YMxndqrbhA3xGaOjB53IXSTyJ7JpjR
j5o0znVwY9,cou6LuLW4gjbilSh9q7k,Ynjo7q4FClEs1msaQy4HxuGi8rbxcv
1hWvJJ1m88,Hfbgt4OyLNeivM7OYVHU,yodvUErEcinmTg9zPjUH7KSVDwRbIO
y2vACyewsB,5Yp1jTFKyAuJPBXAEh4m,yqu7l6YEqklvXArVK4ruSnXoEym269
uT2J852dhL,pavtUKRB54DJUWPffsRr,ySmvfe2ELxY6NmTWVUGHi4JjHA31H1
ZNFVbrqUsC,YRk6UT4RjfowqQcvdEo1,yT1ErLA3pQKSCeayh9MHnuFNIv6I9X
1g6GkSxrlb,lw6fpB3YxjoGr95OZ5Mj,ytXJWXsSQ1GUWtTgmHXUsHozlnZ7lr
RwWiuETps3,GpA8VBXS1WJS7bddMpV2,YUVIgIzFQ6SBI8Mho4R5UvU0josZO3
JSrfrnyjdU,KtgeZtDhdnAYUwmBPnew,yUWFmSj3a8GxaArm4FYJOHg0n3LwQB
tVEERYaJUp,vFrL6JqENT4AcU95rWnl,yv8k4UYHfsSDCGBWeEfww8O1bw8NVd
EvHFxlroYf,tEINQVyTaW2gRpgDVtI3,YxEp1V9Bc7hyHWtInmgGfm5M5JH4RQ
DnpyYxT6dR,E3yKXVqEQywhoi04eOmo,yYWK5LpY3RSSjC4NX5YAMrgXfp3W5Y
k5UCA1rx7h,XDXuuBLPctDadSyUrOMH,YZCQGjppJuE4Pq3kE1Q9w6VwonA7uJ
xw1djNHoky,TZyYIH5unxSIVOsCUItP,yZICDrvkhKicujOti5AGMI1orJIgYh
e64jPkWkPj,KvDQ6jXGr7qvSvdA8bRK,Z11tDJdg24exwRriScZDfOLPBsxihY
vwIEwm7Bwl,iRKsRjgG39oxnktDFzvH,Z1rFDiViYd6Y4zFYAqu5Lg1DgItQig
Zf26S5MAgO,1rB5XL2lL21g4FoNBoqd,Z44fYsPtdJ2wFRpqSEoUh3NJeETJMG
Eq6USuVZ7e,BlPDKIEoKBR9QJhbiokv,z9nG8i7CMK1TgbFBXTjjFfFKyeMFMb
1gv1NK3XOO,1gzMpSG4SYUjwPZjttx0,ZADeL5cyRLrUBQwulslWSD2BWVOW2X
4snfhlco6Q,OQoHxReCUc2s6ZPwjBWs,zDiIAbIdVC2NrCd8N0ZJ2FEo4eP2Nj
2cxuKqLvKz,jCrSk4mAn4ZjiCgGdfRV,Ze5q5apAMcVNlrX5RLaOd83JyrGh6h
O1pAgXR1Rz,yAn2yv9ri67SsW3BDYb9,ZewLHV16UPgDOOmQUsL09SjRGnSwQe
U5BigkoVPA,yy429TNYl3aJXVoToqhe,ZGu83OpUNFCoZGgfORmDhVS8ubMaEj
ewS9uXC8In,AhWgFv7XHNASmx1yWE7T,zhIhjQU4hJJkLtbis7cBWMl69gCVZ2
ApM6poky3A,Yl1jTx8mvHKsBmj9pCaz,zkdVve15sXlphf4LicnCTEtApZE0xJ
62WA8PXp4F,G5DVAHMIhRVapH742vYy,znPRVgYNKXPLfDTZhZfwcT7BvYCmSZ
cjfEoDfgue,OTTE5EGBtkrsIQcFhhwq,zPq73kAD7LJR5r71bM63INkndne4Zx
jmbBodb8j1,x0TvlvuRLD17qCkZwtOy,zqVFCWl9xBtOrnmIxGrhdpiHTe5oIF
oMoqbEY661,Nuffd1vbXHfpnL674enC,ZtdPHjpToifFZZ4ZEmQ8inNFJwqZmQ
e4eNzMAP0h,MW3RWbstrjqHowa3Swy5,ZxuuPtiGN0ZwiSJ35afeQeQG407vsv
Ex6iMAg349,LJpa3SNa6ILuuwWjtznm,ZxVHLYJYE676mI2qjwNu9W9L7MYyTi
